vehicle_id,timestamp,mileage,engine_hours,engine_temp,oil_pressure,battery_voltage,brake_pad_thickness,error_code_count,ambient_temp,load_weight,idle_time_pct,hard_brake_events,days_since_maintenance,failure_within_30_days
V001,2023-01-01,62582.4,4782.4,181.9,22.0,9.13,10.92,0,36.6,926.0,38.9,1,21,Battery
V001,2023-01-02,62819.2,4789.2,203.4,21.7,8.78,10.91,3,28.6,35333.0,12.0,2,22,Battery
V001,2023-01-03,63192.0,4799.8,213.9,38.1,10.06,10.9,1,29.3,14027.0,23.2,1,23,None
V001,2023-01-04,63373.4,4805.0,205.7,19.0,9.83,10.89,1,9.0,37293.0,17.5,2,24,Battery
V001,2023-01-05,63581.0,4810.9,191.5,41.1,9.07,10.88,0,6.3,2860.0,15.9,1,25,None
V001,2023-01-06,63809.2,4817.5,198.9,25.5,9.43,10.87,1,32.5,1144.0,8.8,0,26,Battery
V001,2023-01-07,64188.1,4828.3,183.8,23.1,9.31,10.86,2,26.7,39216.0,33.1,5,27,None
V001,2023-01-08,64385.1,4833.9,198.1,25.1,9.1,10.84,0,33.5,23346.0,29.6,3,28,Battery
V001,2023-01-09,64528.6,4838.0,202.5,26.9,9.61,10.83,0,25.5,10892.0,28.5,1,29,Battery
V001,2023-01-10,64805.8,4845.9,183.2,35.6,9.25,10.82,1,22.2,30490.0,5.6,2,30,None
V001,2023-01-11,65151.0,4855.8,190.5,36.5,10.0,10.81,2,36.2,10883.0,8.3,3,31,Battery
V001,2023-01-12,65450.1,4864.3,187.0,36.1,9.03,10.8,0,48.2,228.0,10.6,2,32,Battery
V001,2023-01-13,65660.4,4870.4,205.4,24.5,8.42,10.78,1,14.1,43785.0,18.8,6,33,Brakes
V001,2023-01-14,65888.8,4876.9,183.5,31.9,9.76,10.77,1,15.1,43499.0,38.7,4,34,None
V001,2023-01-15,66211.1,4886.1,209.0,34.4,9.71,10.75,2,34.3,16177.0,15.3,5,35,None
V001,2023-01-16,66397.0,4891.4,212.0,26.6,8.87,10.74,0,34.3,26587.0,6.1,0,36,None
V001,2023-01-17,66659.2,4898.9,186.7,17.5,10.1,10.73,2,37.7,43913.0,23.1,3,37,None
V001,2023-01-18,66843.2,4904.1,196.1,37.2,8.7,10.72,0,32.6,42969.0,30.8,3,38,Battery
V001,2023-01-19,67090.7,4911.2,185.9,33.7,9.12,10.7,1,11.7,19523.0,18.9,2,39,None
V001,2023-01-20,67363.3,4919.0,212.6,41.1,8.97,10.69,0,23.9,17468.0,27.5,3,40,Battery
V001,2023-01-21,67716.8,4929.1,205.5,38.5,9.84,10.68,0,19.0,31353.0,27.0,4,41,None
V001,2023-01-22,68042.0,4938.4,177.3,41.1,8.81,10.66,0,22.0,33954.0,8.6,5,42,Battery
V001,2023-01-23,68240.6,4944.1,184.2,31.5,9.33,10.65,1,37.5,35621.0,32.6,1,43,Battery
V001,2023-01-24,68550.9,4952.9,177.8,43.2,9.23,10.64,0,34.2,3274.0,33.8,1,44,Battery
V001,2023-01-25,68884.1,4962.5,192.3,18.2,8.55,10.63,0,6.2,40786.0,8.9,1,45,Battery
V001,2023-01-26,69244.7,4972.8,217.1,17.9,9.99,10.63,2,42.7,10062.0,38.7,0,46,None
V001,2023-01-27,69532.9,4981.0,185.8,21.7,9.36,10.61,0,36.0,2045.0,14.8,3,47,None
V001,2023-01-28,69725.8,4986.5,196.4,41.6,9.95,10.6,0,29.5,36621.0,29.0,5,48,None
V001,2023-01-29,69940.1,4992.6,209.9,38.4,10.15,10.59,1,26.9,18667.0,14.6,0,49,Battery
V001,2023-01-30,70326.3,5003.7,208.1,30.5,9.82,10.58,0,40.8,27278.0,13.0,3,50,Battery
V001,2023-01-31,70434.9,5006.8,194.5,32.4,9.26,10.57,0,35.3,31684.0,12.5,1,51,None
V001,2023-02-01,70793.6,5017.0,198.1,33.5,9.03,10.55,0,42.9,42728.0,10.1,5,52,Battery
V001,2023-02-02,70997.3,5022.8,185.0,24.0,8.94,10.54,0,29.0,30040.0,11.0,1,53,None
V001,2023-02-03,71109.1,5026.0,193.7,38.1,9.78,10.53,0,39.6,35973.0,27.0,3,54,Battery
V001,2023-02-04,71433.3,5035.3,196.9,30.8,9.04,10.52,0,36.3,23025.0,23.6,0,55,Battery
V001,2023-02-05,71800.5,5045.8,200.5,32.2,9.78,10.51,0,34.1,26712.0,28.8,2,56,Battery
V001,2023-02-06,72196.5,5057.1,176.1,21.5,8.8,10.5,0,17.4,4580.0,10.4,0,57,Battery
V001,2023-02-07,72415.8,5063.4,210.2,41.2,9.5,10.49,0,37.5,43626.0,35.3,2,58,None
V001,2023-02-08,72588.5,5068.3,195.8,30.7,8.76,10.49,0,34.9,12988.0,25.3,0,59,Battery
V001,2023-02-09,72893.0,5077.0,210.7,42.1,8.86,10.47,2,23.7,34210.0,25.8,3,60,None
V001,2023-02-10,73053.5,5081.6,197.4,26.5,9.36,10.46,0,30.0,36656.0,28.3,4,61,None
V001,2023-02-11,73425.4,5092.2,210.0,32.9,9.46,10.45,2,30.5,28091.0,9.1,3,62,None
V001,2023-02-12,73788.5,5102.6,193.8,37.5,8.9,10.44,0,44.6,4978.0,34.6,0,63,Battery
V001,2023-02-13,73992.2,5108.4,192.5,41.5,8.91,10.43,0,29.6,8172.0,36.8,1,64,None
V001,2023-02-14,74301.2,5117.2,205.5,41.1,10.04,10.42,0,37.3,6864.0,25.2,1,65,None
V001,2023-02-15,74556.8,5124.5,194.3,37.6,8.69,10.41,0,40.1,26607.0,19.0,0,66,None
V001,2023-02-16,74792.5,5131.3,211.4,26.0,9.53,10.41,0,33.6,6339.0,11.2,1,67,Battery
V001,2023-02-17,74918.1,5134.9,187.4,40.1,8.98,10.39,0,21.6,44859.0,22.6,2,68,Battery
V001,2023-02-18,75175.4,5142.2,184.3,33.4,8.98,10.38,0,16.4,25184.0,10.4,3,69,Battery
V001,2023-02-19,75477.0,5150.8,197.4,22.7,8.83,10.37,0,25.3,887.0,8.6,1,70,Battery
V001,2023-02-20,75664.9,5156.2,201.6,23.4,9.6,10.36,0,21.5,40170.0,33.6,2,71,Battery
V001,2023-02-21,76025.4,5166.5,195.6,30.6,9.61,10.35,0,56.4,21934.0,36.3,2,72,Battery
V001,2023-02-22,76131.0,5169.5,180.9,40.0,9.96,10.34,0,23.0,24938.0,27.8,2,73,Battery
V001,2023-02-23,76386.6,5176.8,201.7,22.8,9.25,10.33,0,45.4,2113.0,10.8,1,74,None
V001,2023-02-24,76767.7,5187.7,193.2,32.0,9.17,10.32,1,31.8,1403.0,14.2,1,75,Battery
V001,2023-02-25,77113.4,5197.6,188.7,40.3,8.88,10.31,1,48.0,35974.0,29.3,2,76,None
V001,2023-02-26,77421.1,5206.4,207.2,40.5,8.95,10.3,0,37.0,22024.0,12.7,2,77,None
V001,2023-02-27,77804.4,5217.3,206.1,22.3,8.86,10.29,0,48.4,21340.0,35.2,3,78,None
V001,2023-02-28,78141.6,5227.0,222.2,15.8,9.97,10.28,2,52.9,39869.0,26.6,1,79,None
V001,2023-03-01,78503.7,5237.3,185.3,25.5,9.1,10.27,0,28.3,44284.0,31.9,3,80,Battery
V002,2023-01-01,105545.3,1493.4,212.1,30.8,13.57,11.79,0,23.2,40668.0,39.6,2,43,None
V002,2023-01-02,105834.3,1501.7,195.1,40.2,13.89,11.78,1,30.2,9735.0,23.1,2,44,None
V002,2023-01-03,106051.6,1507.9,182.8,56.0,13.06,11.77,0,19.2,1997.0,34.8,0,45,None
V002,2023-01-04,106184.4,1511.7,208.9,43.0,12.9,11.75,0,3.6,40252.0,39.7,2,46,None
V002,2023-01-05,106332.6,1515.9,207.6,30.7,13.39,11.73,0,9.7,41854.0,8.7,6,47,Brakes
V002,2023-01-06,106600.5,1523.6,201.5,27.1,12.12,11.73,0,14.1,5213.0,18.2,0,48,None
V002,2023-01-07,106752.6,1527.9,180.9,53.1,13.83,11.72,0,26.6,31886.0,21.6,0,49,None
V002,2023-01-08,106964.2,1534.0,182.0,39.3,13.43,11.71,0,15.9,36845.0,13.8,0,50,None
V002,2023-01-09,107133.2,1538.8,208.1,49.2,12.23,11.7,1,26.4,38581.0,38.8,3,51,None
V002,2023-01-10,107279.3,1543.0,206.9,33.0,13.65,11.69,1,24.7,20416.0,23.6,0,52,None
V002,2023-01-11,107447.0,1547.8,193.1,46.8,12.6,11.67,1,27.0,14667.0,25.7,2,53,None
V002,2023-01-12,107590.7,1551.9,187.6,30.0,12.2,11.67,2,12.8,4626.0,25.0,0,54,None
V002,2023-01-13,107984.0,1563.1,204.4,44.4,12.39,11.65,2,29.3,36965.0,6.4,4,55,None
V002,2023-01-14,108319.1,1572.7,200.9,43.6,12.79,11.64,0,13.5,21641.0,6.4,1,56,None
V002,2023-01-15,108432.2,1575.9,187.6,30.3,12.31,11.63,0,10.4,24412.0,22.3,0,57,None
V002,2023-01-16,108752.8,1585.1,197.0,44.0,12.96,11.62,0,35.8,34548.0,22.7,3,58,None
V002,2023-01-17,109103.6,1595.1,193.1,24.8,12.63,11.61,0,31.6,18239.0,26.1,2,59,None
V002,2023-01-18,109297.3,1600.6,195.8,43.7,12.24,11.6,0,17.2,17957.0,35.0,0,60,None
V002,2023-01-19,109441.0,1604.7,207.3,50.3,13.15,11.58,0,46.5,42686.0,13.8,3,61,Engine
V002,2023-01-20,109610.3,1609.6,174.9,25.5,11.64,11.57,0,12.3,2326.0,27.4,0,62,Battery
V002,2023-01-21,110002.3,1620.8,176.4,27.4,13.3,11.56,0,9.8,23478.0,17.0,1,63,None
V002,2023-01-22,110178.9,1625.8,188.4,51.9,13.44,11.55,0,30.6,29773.0,39.3,1,64,None
V002,2023-01-23,110479.0,1634.4,170.8,32.6,11.63,11.54,1,7.4,7168.0,26.2,3,65,None
V002,2023-01-24,110691.7,1640.5,199.4,35.8,12.79,11.53,0,35.7,13359.0,27.7,2,66,None
V002,2023-01-25,111019.5,1649.8,210.5,31.0,12.64,11.51,0,58.0,42817.0,34.7,3,67,None
V002,2023-01-26,111388.5,1660.4,180.2,39.3,12.07,11.5,0,27.3,3208.0,38.4,1,68,None
V002,2023-01-27,111515.4,1664.0,190.1,50.4,12.05,11.49,1,20.1,43953.0,33.8,4,69,Battery
V002,2023-01-28,111806.8,1672.3,195.6,54.4,13.19,11.47,0,43.3,23183.0,25.8,2,70,None
V002,2023-01-29,112136.8,1681.7,179.7,33.3,12.12,11.46,0,25.6,6884.0,13.2,2,71,None
V002,2023-01-30,112415.9,1689.7,188.4,51.2,12.55,11.45,0,17.2,30413.0,20.5,2,72,None
V002,2023-01-31,112626.0,1695.7,205.2,31.8,12.82,11.44,0,40.5,19908.0,34.1,1,73,None
V002,2023-02-01,113024.6,1707.1,210.1,44.7,12.83,11.43,0,13.7,20086.0,16.7,1,74,None
V002,2023-02-02,113267.1,1714.0,188.7,50.1,13.33,11.41,0,20.5,43837.0,5.7,4,75,None
V002,2023-02-03,113481.3,1720.2,212.5,53.1,11.94,11.4,1,27.3,15584.0,13.4,2,76,None
V002,2023-02-04,113783.6,1728.8,180.2,27.6,12.05,11.39,1,48.3,6358.0,12.4,1,77,None
V002,2023-02-05,114153.1,1739.4,201.3,30.3,11.76,11.37,1,33.6,37320.0,16.1,4,78,Battery
V002,2023-02-06,114258.4,1742.4,190.8,48.8,12.51,11.36,0,14.8,17391.0,24.8,1,79,None
V002,2023-02-07,114565.9,1751.2,191.2,28.2,12.88,11.35,0,44.4,27812.0,27.2,1,80,None
V002,2023-02-08,114810.4,1758.1,207.9,28.8,12.8,11.34,0,28.2,43372.0,13.7,3,81,Brakes
V002,2023-02-09,114990.2,1763.3,180.7,52.6,12.05,11.33,1,21.1,29074.0,22.5,1,82,None
V002,2023-02-10,115287.8,1771.8,216.8,37.9,13.29,11.31,0,31.3,41864.0,13.9,5,83,Engine
V002,2023-02-11,115628.4,1781.5,191.9,57.0,13.46,11.3,1,29.9,4742.0,6.2,1,84,None
V002,2023-02-12,115753.2,1785.1,193.9,31.2,11.68,11.29,1,43.7,35212.0,13.0,2,85,None
V002,2023-02-13,116129.3,1795.8,183.1,43.1,11.73,11.28,0,35.0,23435.0,26.6,1,86,None
V002,2023-02-14,116378.1,1802.9,185.5,23.9,12.16,11.26,1,23.0,39567.0,14.0,5,87,None
V002,2023-02-15,116624.6,1810.0,203.4,25.7,11.82,11.25,0,47.0,6780.0,17.0,2,88,None
V002,2023-02-16,116947.1,1819.2,204.7,50.6,12.71,11.24,0,32.6,8728.0,35.8,1,89,None
V002,2023-02-17,117050.4,1822.1,198.5,44.6,13.03,11.22,0,42.8,33730.0,31.6,5,90,None
V002,2023-02-18,117204.8,1826.5,206.3,23.8,12.45,11.21,0,22.8,39342.0,22.9,2,91,None
V002,2023-02-19,117599.4,1837.8,176.6,47.8,11.95,11.2,0,21.1,9443.0,33.9,1,92,Battery
V002,2023-02-20,117848.3,1844.9,213.5,42.5,12.62,11.18,0,43.7,44601.0,31.2,5,93,None
V002,2023-02-21,118092.5,1851.9,212.4,53.8,12.99,11.17,0,29.3,19583.0,37.8,2,94,None
V002,2023-02-22,118277.4,1857.2,185.8,51.8,11.56,11.99,0,29.8,35421.0,39.1,3,1,Battery
V002,2023-02-23,118597.1,1866.3,216.7,27.0,12.86,11.97,0,30.3,24674.0,9.5,5,2,Battery
V002,2023-02-24,118913.1,1875.4,211.0,41.1,12.64,11.95,0,32.2,30769.0,24.1,3,3,None
V002,2023-02-25,119271.7,1885.6,193.7,56.1,12.98,11.94,0,39.3,20707.0,31.2,2,4,None
V002,2023-02-26,119409.6,1889.5,179.1,33.9,11.98,11.93,0,31.8,11497.0,38.1,3,5,None
V002,2023-02-27,119568.3,1894.1,191.7,44.3,11.8,11.91,1,46.7,8403.0,8.3,2,6,None
V002,2023-02-28,119718.9,1898.4,216.2,55.6,13.07,11.9,0,68.1,1502.0,17.7,2,7,None
V002,2023-03-01,119915.8,1904.0,187.2,50.6,11.81,11.89,0,45.0,44869.0,39.3,3,8,None
V003,2023-01-01,148675.0,4565.7,200.9,29.1,10.01,10.6,1,21.5,10995.0,9.0,0,85,None
V003,2023-01-02,148851.1,4570.7,185.8,17.5,9.68,10.59,0,31.3,1400.0,30.9,0,86,Engine
V003,2023-01-03,149015.8,4575.4,210.9,35.5,9.67,10.58,0,15.1,34342.0,19.3,4,87,Battery
V003,2023-01-04,149239.6,4581.8,193.4,18.1,9.8,10.57,0,19.3,36106.0,21.8,0,88,None
V003,2023-01-05,149526.0,4590.0,185.6,19.2,9.07,10.56,0,41.8,23970.0,27.2,1,89,Engine
V003,2023-01-06,149805.7,4598.0,187.0,44.8,9.6,10.55,0,31.0,2902.0,35.7,1,90,None
V003,2023-01-07,150103.3,4606.5,206.7,19.1,9.79,10.54,0,13.6,21977.0,30.8,1,91,Battery
V003,2023-01-08,150254.5,4610.8,207.9,44.2,8.77,10.53,0,14.7,42665.0,20.6,4,92,Battery
V003,2023-01-09,150535.7,4618.9,192.7,33.7,9.47,11.99,1,20.2,21134.0,20.8,3,1,Battery
V003,2023-01-10,150754.8,4625.1,204.2,32.0,9.97,11.98,0,25.4,1997.0,14.7,1,2,Battery
V003,2023-01-11,150971.7,4631.3,206.7,40.2,8.74,11.96,1,28.3,30192.0,14.0,6,3,None
V003,2023-01-12,151341.8,4641.9,210.5,33.8,9.42,11.95,0,26.2,18191.0,16.2,3,4,None
V003,2023-01-13,151690.5,4651.9,194.1,39.8,8.78,11.93,0,26.2,20198.0,8.0,3,5,None
V003,2023-01-14,151858.4,4656.7,215.2,17.6,9.22,11.92,0,42.3,17291.0,20.8,2,6,Battery
V003,2023-01-15,152187.0,4666.1,190.2,39.0,9.56,11.91,0,22.0,23276.0,18.3,0,7,Battery
V003,2023-01-16,152337.2,4670.3,189.0,42.7,9.29,11.9,0,28.1,43741.0,13.0,3,8,Battery
V003,2023-01-17,152549.6,4676.4,173.0,43.9,9.52,11.89,1,-2.2,44769.0,24.1,2,9,None
V003,2023-01-18,152862.3,4685.4,202.0,32.2,8.62,11.88,0,12.1,7973.0,22.8,1,10,None
V003,2023-01-19,153052.5,4690.8,206.7,42.1,8.87,11.87,0,35.3,20765.0,30.6,1,11,None
V003,2023-01-20,153169.8,4694.1,214.0,43.3,9.13,11.86,0,18.6,30634.0,21.3,0,12,None
V003,2023-01-21,153402.2,4700.8,200.2,39.3,9.38,11.85,1,32.7,16302.0,30.4,3,13,Battery
V003,2023-01-22,153511.4,4703.9,215.4,31.6,9.61,11.84,1,27.5,43719.0,12.7,3,14,Battery
V003,2023-01-23,153909.8,4715.3,214.1,39.7,9.87,11.83,1,24.7,28481.0,7.4,0,15,Battery
V003,2023-01-24,154101.6,4720.8,179.3,41.0,9.68,11.82,0,22.7,24711.0,27.1,2,16,None
V003,2023-01-25,154265.0,4725.4,196.6,40.2,9.49,11.81,0,23.8,13163.0,10.3,1,17,None
V003,2023-01-26,154625.1,4735.7,188.1,25.4,9.11,11.8,0,37.2,20428.0,33.8,3,18,None
V003,2023-01-27,154972.2,4745.6,201.0,33.3,9.7,11.79,0,17.7,18110.0,8.6,1,19,None
V003,2023-01-28,155111.2,4749.6,217.2,35.5,8.85,11.77,0,37.0,25424.0,35.3,4,20,Battery
V003,2023-01-29,155473.8,4760.0,190.4,34.4,10.15,11.76,0,22.3,5832.0,28.7,1,21,None
V003,2023-01-30,155805.1,4769.4,191.7,28.4,9.74,11.76,0,20.2,130.0,35.1,0,22,Battery
V003,2023-01-31,156023.5,4775.7,178.5,35.2,9.89,11.75,1,30.2,21067.0,25.3,0,23,None
V003,2023-02-01,156408.1,4786.7,207.8,24.3,9.75,11.74,1,25.9,1414.0,30.8,0,24,Battery
V003,2023-02-02,156765.3,4796.9,186.8,26.3,9.77,11.73,0,22.0,17216.0,17.9,1,25,None
V003,2023-02-03,157067.9,4805.5,184.0,41.4,9.72,11.72,1,31.4,24613.0,34.0,2,26,Battery
V003,2023-02-04,157327.2,4812.9,217.4,40.0,9.14,11.71,0,43.4,25258.0,32.2,2,27,None
V003,2023-02-05,157711.4,4823.9,207.5,35.7,10.05,11.7,0,44.4,15180.0,30.4,1,28,Battery
V003,2023-02-06,158096.1,4834.9,204.0,40.4,9.39,11.69,1,32.5,41790.0,31.6,2,29,Battery
V003,2023-02-07,158387.1,4843.2,197.1,41.8,8.94,11.68,0,36.0,22421.0,19.2,2,30,None
V003,2023-02-08,158605.6,4849.4,217.5,33.2,9.91,11.66,1,42.8,34789.0,15.8,4,31,None
V003,2023-02-09,158948.1,4859.2,210.7,21.1,10.14,11.65,1,29.6,11422.0,13.6,2,32,Battery
V003,2023-02-10,159181.4,4865.9,218.3,37.2,9.02,11.63,1,41.1,44660.0,18.5,6,33,None
V003,2023-02-11,159379.3,4871.6,185.0,23.8,8.81,11.61,0,19.3,37785.0,10.0,7,34,None
V003,2023-02-12,159507.8,4875.2,191.2,42.0,9.26,11.6,0,43.2,15867.0,33.9,2,35,Battery
V003,2023-02-13,159668.9,4879.8,183.9,25.2,9.76,11.59,1,42.1,454.0,20.3,1,36,Battery
V003,2023-02-14,159806.5,4883.8,193.4,37.2,8.71,11.58,0,21.4,34312.0,24.0,1,37,None
V003,2023-02-15,160096.2,4892.0,212.9,28.9,8.91,11.57,0,31.0,5847.0,24.6,2,38,Battery
V003,2023-02-16,160205.4,4895.2,199.7,25.2,9.39,11.56,0,42.6,7080.0,9.2,2,39,None
V003,2023-02-17,160490.2,4903.3,191.1,29.8,8.85,11.54,3,25.5,37948.0,8.4,5,40,None
V003,2023-02-18,160740.7,4910.4,189.9,17.3,9.25,11.53,0,35.1,42088.0,34.8,3,41,Battery
V003,2023-02-19,160947.4,4916.4,182.4,27.1,10.12,11.52,1,33.0,3776.0,16.7,1,42,Battery
V003,2023-02-20,161329.8,4927.3,200.4,22.3,9.44,11.51,0,42.3,4640.0,24.2,2,43,None
V003,2023-02-21,161473.0,4931.4,197.6,35.5,9.35,11.5,0,38.4,26791.0,11.0,1,44,None
V003,2023-02-22,161774.6,4940.0,184.6,28.8,9.58,11.49,0,47.1,11229.0,5.1,0,45,Battery
V003,2023-02-23,162062.8,4948.2,215.5,33.3,9.77,11.48,0,65.1,17353.0,37.8,2,46,Battery
V003,2023-02-24,162405.0,4958.0,209.1,22.2,9.64,11.47,1,43.0,23073.0,20.3,3,47,Engine
V003,2023-02-25,162611.5,4963.9,193.8,40.4,9.24,11.46,0,43.9,19115.0,12.5,2,48,None
V003,2023-02-26,162798.9,4969.3,178.0,37.8,9.28,11.44,1,37.6,9280.0,33.0,3,49,None
V003,2023-02-27,163048.9,4976.4,206.4,17.5,8.99,11.43,0,56.8,35329.0,26.0,2,50,None
V003,2023-02-28,163384.9,4986.0,219.7,28.5,9.49,11.42,0,50.7,20079.0,33.2,0,51,None
V003,2023-03-01,163720.8,4995.6,196.5,40.8,8.79,11.41,1,48.7,28450.0,18.1,1,52,Battery
V004,2023-01-01,12070.6,1837.9,181.9,36.5,9.46,9.82,1,-6.8,33328.0,35.2,3,13,Battery
V004,2023-01-02,12243.7,1842.8,201.1,52.5,9.38,9.81,0,16.7,12042.0,16.7,3,14,Battery
V004,2023-01-03,12627.2,1853.8,205.2,49.0,10.08,9.79,1,20.6,41991.0,20.4,3,15,None
V004,2023-01-04,12991.7,1864.2,187.3,31.9,9.46,9.78,0,40.5,32909.0,29.4,3,16,Engine
V004,2023-01-05,13096.4,1867.2,197.3,51.6,9.18,9.77,1,12.4,1889.0,21.8,0,17,Brakes
V004,2023-01-06,13217.4,1870.7,188.5,54.4,8.94,9.75,2,14.8,32816.0,26.3,3,18,None
V004,2023-01-07,13481.8,1878.2,177.9,46.8,8.95,9.75,1,0.1,30486.0,31.5,0,19,None
V004,2023-01-08,13837.5,1888.4,191.3,42.4,8.95,9.73,0,25.0,24374.0,31.5,2,20,None
V004,2023-01-09,13977.6,1892.4,194.5,50.7,9.06,9.72,0,3.9,43132.0,20.1,4,21,None
V004,2023-01-10,14372.6,1903.7,189.6,31.0,8.99,9.7,2,1.6,35402.0,32.1,2,22,None
V004,2023-01-11,14603.6,1910.3,193.6,41.8,8.83,9.68,0,15.8,33660.0,33.4,7,23,Battery
V004,2023-01-12,14797.2,1915.8,176.6,39.7,8.69,9.67,1,25.5,708.0,5.6,2,24,None
V004,2023-01-13,14938.7,1919.8,202.9,51.8,9.36,9.65,1,39.5,39078.0,18.3,4,25,None
V004,2023-01-14,15228.2,1928.1,198.8,47.9,9.87,9.64,0,42.0,2448.0,27.5,1,26,Battery
V004,2023-01-15,15533.9,1936.8,200.4,25.1,9.25,9.62,1,3.6,30857.0,36.9,6,27,None
V004,2023-01-16,15784.3,1944.0,181.3,29.3,9.4,9.61,0,3.3,43928.0,28.9,3,28,None
V004,2023-01-17,16003.1,1950.3,194.7,23.7,10.07,9.59,0,31.4,13772.0,24.3,2,29,Battery
V004,2023-01-18,16149.8,1954.4,174.4,50.5,9.22,9.58,0,27.5,9327.0,27.1,0,30,Battery
V004,2023-01-19,16545.8,1965.8,208.1,32.3,8.84,9.57,0,19.8,37319.0,29.7,2,31,None
V004,2023-01-20,16730.4,1971.0,181.4,23.3,8.87,9.56,0,22.2,16371.0,11.7,3,32,None
V004,2023-01-21,16998.3,1978.7,203.3,36.2,9.44,9.55,3,36.2,5266.0,33.0,0,33,None
V004,2023-01-22,17320.7,1987.9,211.7,38.7,9.28,9.54,1,38.5,12574.0,9.6,1,34,None
V004,2023-01-23,17688.9,1998.4,190.3,39.7,9.45,9.53,0,38.3,25795.0,16.8,1,35,Battery
V004,2023-01-24,17868.5,2003.6,211.7,54.4,9.28,9.52,2,17.5,24945.0,12.0,1,36,None
V004,2023-01-25,18179.8,2012.4,203.2,29.5,9.66,9.5,0,24.9,31865.0,21.6,2,37,None
V004,2023-01-26,18578.7,2023.8,211.5,53.3,8.96,9.49,2,33.0,35820.0,31.4,2,38,None
V004,2023-01-27,18935.6,2034.0,190.9,31.7,8.87,9.48,0,13.0,33724.0,20.1,1,39,Battery
V004,2023-01-28,19221.5,2042.2,201.2,40.4,8.89,9.46,0,17.1,26983.0,22.7,3,40,Battery
V004,2023-01-29,19619.0,2053.6,191.0,46.1,9.08,9.45,0,31.4,42255.0,20.8,1,41,Brakes
V004,2023-01-30,19913.3,2062.0,212.2,48.6,9.36,9.44,1,28.7,12287.0,11.2,1,42,Battery
V004,2023-01-31,20045.4,2065.8,212.9,54.3,8.88,9.43,1,45.6,42310.0,26.1,4,43,Battery
V004,2023-02-01,20319.8,2073.6,194.3,54.0,8.8,9.41,0,24.9,4763.0,35.6,2,44,None
V004,2023-02-02,20487.7,2078.4,189.1,36.1,9.85,9.4,0,31.6,31487.0,26.6,5,45,None
V004,2023-02-03,20653.2,2083.1,218.1,48.9,8.91,9.38,0,32.8,44524.0,25.1,4,46,None
V004,2023-02-04,20808.0,2087.5,180.9,44.9,8.79,9.37,0,32.8,34285.0,32.4,1,47,None
V004,2023-02-05,21007.6,2093.2,208.8,23.0,9.7,9.36,1,20.1,41765.0,34.6,2,48,None
V004,2023-02-06,21396.3,2104.3,194.0,40.6,8.72,9.34,1,47.4,23925.0,23.8,1,49,None
V004,2023-02-07,21575.0,2109.5,193.4,34.5,9.15,9.34,0,28.3,14087.0,34.3,0,50,None
V004,2023-02-08,21943.1,2120.0,214.5,28.9,9.98,9.32,0,34.8,22521.0,20.2,2,51,Battery
V004,2023-02-09,22300.2,2130.2,204.4,37.0,9.83,9.31,1,29.0,36919.0,20.4,1,52,None
V004,2023-02-10,22526.2,2136.6,215.2,23.2,8.91,9.29,0,41.8,34933.0,9.6,5,53,Battery
V004,2023-02-11,22710.2,2141.9,176.5,50.8,9.75,9.28,2,33.6,12497.0,6.3,2,54,Battery
V004,2023-02-12,22970.8,2149.3,183.4,35.5,8.92,9.27,0,49.8,5938.0,23.0,0,55,Battery
V004,2023-02-13,23258.7,2157.6,208.1,46.3,9.39,9.26,1,38.8,12930.0,14.8,2,56,None
V004,2023-02-14,23462.7,2163.4,204.7,29.8,10.11,9.25,0,25.3,7708.0,34.0,1,57,None
V004,2023-02-15,23799.8,2173.0,176.5,43.8,9.47,9.24,0,33.2,6350.0,24.1,0,58,Battery
V004,2023-02-16,23950.6,2177.3,209.3,38.5,9.63,9.22,0,48.6,22819.0,27.3,4,59,None
V004,2023-02-17,24126.6,2182.4,207.9,48.4,9.57,9.21,0,29.7,21193.0,22.2,1,60,Battery
V004,2023-02-18,24493.5,2192.8,198.3,43.6,9.05,9.2,1,27.1,827.0,21.2,1,61,None
V004,2023-02-19,24716.9,2199.2,206.0,44.3,9.74,9.19,0,34.3,5687.0,6.0,3,62,Battery
V004,2023-02-20,24824.3,2202.3,224.5,39.8,9.13,9.17,1,45.4,37792.0,9.5,6,63,Battery
V004,2023-02-21,24962.7,2206.2,177.8,49.1,9.74,9.15,0,17.7,19906.0,6.5,3,64,Battery
V004,2023-02-22,25330.0,2216.7,188.0,44.0,10.13,9.14,0,27.8,4144.0,33.5,4,65,None
V004,2023-02-23,25551.4,2223.1,195.8,32.1,9.4,9.12,1,41.6,3944.0,7.3,2,66,None
V004,2023-02-24,25728.5,2228.1,192.6,40.1,9.45,9.1,0,37.2,44761.0,8.2,6,67,None
V004,2023-02-25,25970.7,2235.0,217.7,39.1,9.08,9.09,0,54.2,3001.0,6.7,0,68,Battery
V004,2023-02-26,26338.8,2245.6,197.1,40.0,9.84,9.07,0,34.5,42371.0,23.5,9,69,Battery
V004,2023-02-27,26457.1,2248.9,221.7,50.1,9.34,9.06,1,53.7,22469.0,8.7,0,70,None
V004,2023-02-28,26776.3,2258.1,211.7,31.3,8.92,9.05,1,39.7,8123.0,14.2,1,71,Battery
V004,2023-03-01,26911.2,2261.9,184.6,51.1,9.5,9.03,1,39.6,11442.0,15.3,3,72,Battery
V005,2023-01-01,54483.7,4072.3,215.6,20.7,9.88,11.65,0,25.1,26129.0,37.8,4,90,None
V005,2023-01-02,54854.4,4082.9,198.4,42.3,9.24,11.64,0,-4.4,17245.0,12.6,1,91,None
V005,2023-01-03,55241.8,4093.9,181.0,35.8,9.8,11.63,0,43.8,9922.0,26.9,1,92,Battery
V005,2023-01-04,55457.8,4100.1,188.3,42.6,8.89,11.62,0,30.1,2302.0,18.9,1,93,None
V005,2023-01-05,55572.4,4103.4,183.0,21.8,8.86,11.61,0,23.1,29051.0,6.6,3,94,Battery
V005,2023-01-06,55838.9,4111.0,186.2,30.2,8.42,11.6,0,8.2,3454.0,5.1,2,95,Battery
V005,2023-01-07,56009.9,4115.9,188.0,28.3,9.83,11.59,1,27.9,24612.0,21.6,1,96,None
V005,2023-01-08,56349.7,4125.6,210.9,19.9,9.7,11.57,0,32.3,15039.0,30.6,3,97,Battery
V005,2023-01-09,56568.5,4131.8,180.9,31.8,9.19,11.56,0,16.3,30115.0,21.9,3,98,None
V005,2023-01-10,56877.0,4140.6,182.2,30.2,9.26,11.55,0,10.6,25533.0,32.9,3,99,Battery
V005,2023-01-11,57259.4,4151.6,191.6,44.0,8.97,11.54,0,21.4,4114.0,26.9,1,100,Battery
V005,2023-01-12,57633.3,4162.3,181.5,26.9,9.2,11.53,0,9.8,25746.0,11.3,1,101,None
V005,2023-01-13,57818.3,4167.5,180.4,43.7,9.35,11.51,0,35.4,624.0,27.7,3,102,Battery
V005,2023-01-14,57933.1,4170.8,176.9,42.9,9.12,11.51,1,19.3,10399.0,36.4,1,103,None
V005,2023-01-15,58313.4,4181.7,207.3,39.1,9.53,11.49,0,33.6,34464.0,29.2,2,104,Battery
V005,2023-01-16,58494.2,4186.9,204.2,23.3,9.79,11.48,0,16.8,8938.0,32.4,3,105,Battery
V005,2023-01-17,58856.8,4197.2,200.8,36.6,9.43,11.47,0,31.9,38575.0,31.8,4,106,Battery
V005,2023-01-18,59182.4,4206.5,205.0,39.3,9.68,11.45,0,20.0,36538.0,38.1,2,107,None
V005,2023-01-19,59332.9,4210.8,206.3,41.8,9.72,11.44,0,26.4,8514.0,30.2,2,108,None
V005,2023-01-20,59555.2,4217.2,220.3,26.4,9.82,11.43,0,37.2,39887.0,6.7,4,109,Battery
V005,2023-01-21,59811.4,4224.5,181.6,37.0,9.56,11.42,0,35.4,22748.0,22.8,2,110,None
V005,2023-01-22,59988.4,4229.5,179.7,23.8,9.3,11.4,0,24.0,33845.0,23.0,5,111,Battery
V005,2023-01-23,60305.6,4238.6,196.8,38.6,8.84,11.99,0,24.7,5361.0,22.9,1,1,None
V005,2023-01-24,60646.3,4248.3,207.8,31.1,10.13,11.98,0,33.7,15356.0,20.5,4,2,None
V005,2023-01-25,60775.5,4252.0,201.4,27.6,9.6,11.97,0,16.8,314.0,19.1,0,3,None
V005,2023-01-26,60962.9,4257.4,183.5,45.2,8.77,11.95,0,40.0,18783.0,18.2,3,4,None
V005,2023-01-27,61100.1,4261.3,212.2,18.3,9.43,11.94,5,32.2,24508.0,7.7,3,5,Battery
V005,2023-01-28,61407.4,4270.1,178.1,33.5,8.81,11.93,0,23.0,7540.0,15.9,3,6,Battery
V005,2023-01-29,61520.4,4273.3,210.3,27.7,9.6,11.91,0,24.1,42650.0,9.9,3,7,None
V005,2023-01-30,61641.1,4276.8,195.4,41.2,8.94,11.9,0,16.6,15066.0,16.0,2,8,None
V005,2023-01-31,61849.8,4282.7,210.3,27.7,9.69,11.89,0,24.0,21107.0,33.0,1,9,None
V005,2023-02-01,61974.0,4286.3,211.6,18.0,9.39,11.89,0,34.6,6622.0,15.4,0,10,None
V005,2023-02-02,62238.0,4293.8,192.5,39.5,9.18,11.88,2,31.1,24055.0,11.8,2,11,None
V005,2023-02-03,62613.8,4304.6,215.7,34.1,9.8,11.86,1,40.1,19070.0,17.0,3,12,None
V005,2023-02-04,62936.3,4313.8,207.5,28.0,9.61,11.85,0,34.8,17777.0,6.8,2,13,None
V005,2023-02-05,63101.1,4318.5,200.5,21.3,8.98,11.83,0,34.7,43527.0,30.0,6,14,None
V005,2023-02-06,63247.0,4322.6,217.4,21.2,9.16,11.82,1,38.1,32906.0,31.9,4,15,Battery
V005,2023-02-07,63580.0,4332.2,206.7,35.9,8.97,11.81,0,47.1,38140.0,11.4,2,16,None
V005,2023-02-08,63966.0,4343.2,208.0,21.2,9.13,11.8,0,35.6,23741.0,14.1,0,17,None
V005,2023-02-09,64284.3,4352.3,201.7,32.8,9.17,11.78,0,34.5,41517.0,31.7,4,18,None
V005,2023-02-10,64515.6,4358.9,207.4,18.8,9.38,11.77,0,37.7,15615.0,37.7,2,19,Battery
V005,2023-02-11,64907.3,4370.1,190.3,19.8,8.54,11.76,1,16.7,23310.0,26.5,1,20,Battery
V005,2023-02-12,65018.3,4373.3,197.6,34.1,9.52,11.75,0,46.0,11808.0,19.8,0,21,None
V005,2023-02-13,65409.3,4384.4,211.4,25.7,9.15,11.74,1,32.5,38928.0,26.0,4,22,Battery
V005,2023-02-14,65764.9,4394.6,180.2,37.0,10.05,11.73,0,42.2,4481.0,5.6,2,23,None
V005,2023-02-15,66134.7,4405.2,224.6,36.8,9.67,11.72,0,63.8,28058.0,9.6,1,24,Battery
V005,2023-02-16,66332.5,4410.8,210.5,29.7,9.51,11.71,0,24.4,44309.0,12.3,1,25,None
V005,2023-02-17,66706.5,4421.5,215.1,38.8,10.06,11.7,1,35.6,17459.0,34.0,0,26,None
V005,2023-02-18,66867.9,4426.1,189.4,45.3,9.62,11.7,2,43.7,2871.0,18.6,0,27,Battery
V005,2023-02-19,67065.8,4431.8,186.4,26.1,9.38,11.68,0,45.8,34029.0,18.8,3,28,Battery
V005,2023-02-20,67345.1,4439.7,206.3,36.2,8.74,11.67,0,29.4,31549.0,19.4,1,29,None
V005,2023-02-21,67684.5,4449.4,222.8,29.7,8.78,11.66,0,56.8,38896.0,21.0,4,30,Battery
V005,2023-02-22,68076.0,4460.6,179.1,25.9,9.83,11.65,0,20.7,21123.0,35.0,1,31,None
V005,2023-02-23,68321.6,4467.6,181.3,37.8,9.09,11.63,0,41.0,8062.0,36.2,3,32,None
V005,2023-02-24,68550.1,4474.2,204.6,43.6,10.09,11.62,0,38.8,24099.0,21.7,3,33,Battery
V005,2023-02-25,68733.8,4479.4,205.4,19.9,8.91,11.61,1,50.3,18224.0,40.0,0,34,None
V005,2023-02-26,68934.3,4485.1,185.0,44.5,9.47,11.6,0,50.0,278.0,33.4,1,35,Battery
V005,2023-02-27,69195.7,4492.6,205.5,23.9,9.48,11.59,1,43.5,24000.0,19.2,3,36,Battery
V005,2023-02-28,69399.8,4498.4,193.9,31.6,9.06,11.58,0,57.0,21788.0,32.8,3,37,None
V005,2023-03-01,69541.7,4502.5,198.9,28.5,9.95,11.57,0,39.7,25614.0,35.4,3,38,None
V006,2023-01-01,72402.4,1953.7,180.2,55.7,11.64,10.1,0,5.0,14203.0,22.2,1,31,None
V006,2023-01-02,72529.0,1957.3,173.4,51.1,11.72,10.08,0,8.7,30459.0,7.2,3,32,None
V006,2023-01-03,72792.4,1964.8,185.5,35.3,12.69,10.07,1,17.2,10744.0,12.5,2,33,None
V006,2023-01-04,73149.9,1975.0,203.5,22.0,11.61,10.06,0,14.4,38019.0,17.6,2,34,None
V006,2023-01-05,73468.0,1984.1,188.4,38.2,11.76,10.05,0,28.2,27436.0,37.0,2,35,Battery
V006,2023-01-06,73715.6,1991.2,179.6,37.8,11.07,10.04,2,10.0,13961.0,11.4,1,36,None
V006,2023-01-07,74065.9,2001.2,205.3,24.5,11.93,10.03,0,40.3,20626.0,23.5,0,37,Battery
V006,2023-01-08,74209.6,2005.3,206.9,51.7,12.66,10.02,0,31.7,39471.0,23.5,1,38,None
V006,2023-01-09,74425.1,2011.4,203.6,33.5,12.97,10.01,0,23.6,37574.0,29.9,2,39,None
V006,2023-01-10,74817.4,2022.7,220.0,53.2,11.91,10.0,0,28.2,43902.0,7.3,4,40,Brakes
V006,2023-01-11,75058.1,2029.5,212.6,34.1,11.97,9.99,0,24.5,14024.0,23.4,0,41,Battery
V006,2023-01-12,75354.8,2038.0,175.6,44.8,12.61,9.98,0,28.9,1791.0,25.9,3,42,None
V006,2023-01-13,75485.4,2041.7,203.1,41.7,11.41,9.97,0,20.9,15408.0,24.1,0,43,Battery
V006,2023-01-14,75757.2,2049.5,182.5,47.0,12.22,9.96,0,35.0,36877.0,16.4,2,44,None
V006,2023-01-15,76060.0,2058.2,196.2,50.4,10.85,9.95,1,12.0,4754.0,33.4,2,45,None
V006,2023-01-16,76210.0,2062.4,184.2,47.7,11.97,9.93,1,28.4,32050.0,11.2,3,46,None
V006,2023-01-17,76402.8,2068.0,209.7,30.7,12.4,9.92,0,2.4,44284.0,15.2,3,47,None
V006,2023-01-18,76705.9,2076.6,175.7,25.1,11.51,9.91,1,12.4,13571.0,11.6,1,48,None
V006,2023-01-19,77052.3,2086.5,198.0,52.2,12.07,9.9,2,38.1,24177.0,28.7,3,49,None
V006,2023-01-20,77391.9,2096.2,185.4,36.6,11.28,9.88,3,12.3,4816.0,32.3,2,50,None
V006,2023-01-21,77681.8,2104.5,207.6,29.6,11.91,9.87,0,15.7,32372.0,6.0,2,51,None
V006,2023-01-22,78081.7,2115.9,214.8,54.6,11.29,9.86,0,34.3,9514.0,14.3,5,52,Battery
V006,2023-01-23,78476.1,2127.2,172.0,23.4,10.9,9.85,0,14.1,7494.0,39.5,1,53,None
V006,2023-01-24,78628.3,2131.5,194.5,39.8,12.82,9.84,0,44.5,16255.0,27.3,0,54,None
V006,2023-01-25,78909.5,2139.6,204.2,29.5,11.05,9.83,1,15.0,6494.0,8.3,0,55,Battery
V006,2023-01-26,79238.3,2149.0,201.8,37.0,11.91,9.83,0,45.3,6474.0,5.3,0,56,None
V006,2023-01-27,79514.8,2156.9,193.3,38.1,11.32,9.81,0,20.6,28261.0,34.0,3,57,None
V006,2023-01-28,79855.0,2166.6,192.2,29.8,12.63,9.8,0,20.4,20301.0,30.2,2,58,None
V006,2023-01-29,79984.8,2170.3,204.6,35.7,11.59,9.79,0,19.0,35009.0,12.7,2,59,None
V006,2023-01-30,80137.2,2174.7,197.4,29.9,12.75,9.77,0,49.5,29161.0,13.6,5,60,None
V006,2023-01-31,80307.5,2179.5,181.3,48.4,12.05,9.76,0,28.0,15233.0,5.2,2,61,None
V006,2023-02-01,80691.7,2190.5,214.1,49.5,12.36,9.75,0,31.7,18291.0,32.0,3,62,None
V006,2023-02-02,80952.9,2198.0,183.9,21.8,11.94,9.74,1,48.4,764.0,38.6,0,63,Battery
V006,2023-02-03,81258.3,2206.7,205.9,27.2,12.5,9.73,0,39.9,22645.0,31.8,1,64,None
V006,2023-02-04,81599.4,2216.4,186.9,50.4,12.16,9.72,0,-0.5,33906.0,9.6,2,65,Battery
V006,2023-02-05,81886.3,2224.6,185.8,45.6,12.48,9.71,0,32.2,16023.0,32.6,1,66,None
V006,2023-02-06,82214.0,2234.0,199.2,38.0,12.42,9.69,0,31.5,36658.0,37.8,5,67,None
V006,2023-02-07,82459.9,2241.0,179.9,36.9,11.42,9.68,0,22.1,15032.0,8.7,2,68,None
V006,2023-02-08,82673.1,2247.1,191.5,47.6,11.47,9.67,0,23.7,20599.0,31.6,2,69,None
V006,2023-02-09,82878.9,2253.0,197.1,24.0,11.2,9.66,2,24.7,32521.0,16.2,2,70,None
V006,2023-02-10,83058.4,2258.1,179.4,30.9,11.52,9.64,1,29.4,5114.0,5.1,4,71,None
V006,2023-02-11,83398.9,2267.8,213.3,47.8,11.13,9.64,0,35.2,20987.0,17.7,0,72,Battery
V006,2023-02-12,83517.8,2271.2,189.6,29.7,11.49,9.63,0,42.9,6123.0,34.3,0,73,Battery
V006,2023-02-13,83805.6,2279.5,199.7,27.0,11.17,9.62,0,44.2,2453.0,34.3,1,74,None
V006,2023-02-14,84142.0,2289.1,182.9,49.7,11.18,9.6,0,27.7,6553.0,29.4,4,75,None
V006,2023-02-15,84319.5,2294.1,195.9,25.4,11.52,9.6,0,31.5,15175.0,19.1,0,76,Battery
V006,2023-02-16,84659.1,2303.8,214.4,47.6,11.49,9.59,0,27.2,16502.0,8.7,1,77,None
V006,2023-02-17,84954.3,2312.3,213.7,46.8,11.88,9.58,0,42.7,39007.0,36.3,2,78,None
V006,2023-02-18,85059.7,2315.3,217.6,26.4,12.54,9.57,0,48.2,27881.0,28.2,2,79,None
V006,2023-02-19,85438.2,2326.1,183.4,49.6,10.81,9.55,1,15.8,2953.0,24.2,2,80,None
V006,2023-02-20,85828.2,2337.3,178.4,45.6,11.31,9.54,1,26.9,17525.0,38.3,3,81,Battery
V006,2023-02-21,86086.0,2344.6,219.3,45.5,11.79,9.53,1,37.3,36396.0,17.7,3,82,Battery
V006,2023-02-22,86471.2,2355.6,182.9,46.2,11.04,9.52,0,30.5,2372.0,6.3,2,83,None
V006,2023-02-23,86696.5,2362.1,189.6,22.3,11.46,9.5,2,15.8,3289.0,14.6,3,84,Battery
V006,2023-02-24,86937.5,2368.9,223.1,50.2,11.09,9.49,0,63.2,16055.0,10.7,3,85,None
V006,2023-02-25,87045.8,2372.0,196.9,24.0,11.46,9.48,1,28.6,11100.0,21.1,3,86,None
V006,2023-02-26,87351.1,2380.8,220.8,22.3,11.34,9.46,1,39.3,39301.0,7.1,3,87,None
V006,2023-02-27,87747.6,2392.1,187.4,52.9,12.08,9.45,0,44.9,20937.0,7.0,1,88,None
V006,2023-02-28,88016.2,2399.8,175.3,45.3,10.74,9.45,0,32.7,5676.0,23.5,0,89,None
V006,2023-03-01,88415.3,2411.2,197.0,22.4,11.3,9.44,0,44.5,19365.0,16.2,2,90,None
V007,2023-01-01,20215.9,4712.8,198.9,43.8,8.85,11.05,0,41.3,33920.0,26.8,4,10,None
V007,2023-01-02,20387.4,4717.7,196.2,43.5,9.57,11.04,2,27.3,17490.0,20.5,2,11,None
V007,2023-01-03,20549.4,4722.4,214.1,35.7,10.01,11.03,1,34.5,9424.0,23.8,2,12,Battery
V007,2023-01-04,20715.5,4727.1,208.9,34.2,10.11,11.02,0,28.3,41638.0,35.4,1,13,Battery
V007,2023-01-05,21038.6,4736.3,183.2,32.3,8.38,11.01,0,13.2,21767.0,15.3,1,14,Battery
V007,2023-01-06,21384.2,4746.2,196.4,29.5,8.93,11.0,0,32.7,5251.0,28.0,1,15,None
V007,2023-01-07,21682.9,4754.7,178.7,21.9,9.4,10.99,0,-7.1,15286.0,30.2,1,16,Engine
V007,2023-01-08,21916.8,4761.4,185.6,39.4,10.0,10.97,1,22.7,24781.0,38.1,2,17,None
V007,2023-01-09,22193.8,4769.3,171.7,26.5,9.47,10.96,0,8.7,13757.0,23.4,4,18,None
V007,2023-01-10,22476.7,4777.4,195.5,36.1,8.51,10.95,0,18.8,11514.0,19.2,1,19,Battery
V007,2023-01-11,22708.1,4784.0,200.2,32.3,8.91,10.94,1,7.7,26350.0,23.2,1,20,None
V007,2023-01-12,22891.9,4789.3,203.6,32.6,9.27,10.93,0,3.7,29086.0,35.6,0,21,Battery
V007,2023-01-13,23147.0,4796.6,198.0,28.3,8.8,10.92,0,-1.1,13383.0,28.9,1,22,Battery
V007,2023-01-14,23254.4,4799.6,204.6,24.3,9.04,10.91,0,30.4,176.0,13.0,1,23,Battery
V007,2023-01-15,23400.6,4803.8,194.7,38.4,8.41,10.9,0,13.4,21087.0,25.7,3,24,Battery
V007,2023-01-16,23700.0,4812.4,210.0,38.4,9.62,10.89,1,31.9,31896.0,11.2,2,25,Battery
V007,2023-01-17,23955.5,4819.7,199.7,33.3,8.47,10.87,1,11.9,43330.0,11.1,3,26,None
V007,2023-01-18,24297.5,4829.4,172.8,25.4,9.54,10.86,0,27.6,2244.0,26.1,1,27,None
V007,2023-01-19,24679.8,4840.4,179.4,35.6,9.06,10.85,0,26.6,18463.0,16.7,0,28,None
V007,2023-01-20,24889.4,4846.4,183.1,18.4,9.66,10.84,2,35.9,24094.0,32.6,4,29,None
V007,2023-01-21,25220.5,4855.8,207.6,24.7,9.63,10.83,0,17.0,2697.0,23.1,0,30,None
V007,2023-01-22,25407.1,4861.2,212.3,25.3,9.43,10.82,0,33.3,26352.0,25.7,3,31,Battery
V007,2023-01-23,25659.6,4868.4,177.1,36.2,8.84,10.81,0,11.7,10177.0,35.5,1,32,Battery
V007,2023-01-24,25845.0,4873.7,180.3,18.9,9.47,10.8,1,40.4,21523.0,11.3,2,33,None
V007,2023-01-25,26088.2,4880.6,209.4,31.2,9.39,10.79,1,31.6,21753.0,8.9,0,34,None
V007,2023-01-26,26301.3,4886.7,196.9,37.2,9.67,10.78,0,33.5,40650.0,7.4,2,35,None
V007,2023-01-27,26566.1,4894.3,172.9,28.9,8.45,10.76,0,15.7,12681.0,30.3,3,36,Battery
V007,2023-01-28,26687.9,4897.7,207.5,43.1,9.84,10.75,0,43.2,13067.0,35.9,0,37,None
V007,2023-01-29,26875.7,4903.1,179.8,18.9,9.53,10.73,2,29.8,14357.0,38.9,6,38,None
V007,2023-01-30,27192.0,4912.1,200.4,26.7,9.64,10.72,1,5.0,15871.0,16.4,2,39,None
V007,2023-01-31,27538.3,4922.0,211.3,19.5,9.67,10.71,0,36.1,17640.0,17.9,2,40,Battery
V007,2023-02-01,27909.1,4932.6,199.0,25.1,9.64,10.7,1,17.4,3299.0,36.3,0,41,Brakes
V007,2023-02-02,28086.9,4937.7,201.7,30.3,8.71,10.69,1,22.6,38854.0,37.1,3,42,None
V007,2023-02-03,28277.7,4943.2,199.2,29.1,8.7,10.67,0,51.3,21049.0,14.5,3,43,Battery
V007,2023-02-04,28655.0,4953.9,204.1,18.3,10.03,10.67,2,27.3,875.0,39.1,0,44,None
V007,2023-02-05,28912.3,4961.3,177.1,25.0,9.15,10.65,1,31.1,12735.0,6.3,3,45,Battery
V007,2023-02-06,29106.1,4966.8,211.5,21.0,9.84,10.64,0,52.4,23762.0,38.9,2,46,Engine
V007,2023-02-07,29441.4,4976.4,196.9,21.3,9.79,10.63,1,30.1,26277.0,7.9,1,47,None
V007,2023-02-08,29762.3,4985.6,204.4,33.4,9.99,10.62,0,39.0,21225.0,25.0,0,48,None
V007,2023-02-09,30037.6,4993.4,216.0,30.0,9.32,10.61,0,44.5,22884.0,16.1,3,49,None
V007,2023-02-10,30241.4,4999.3,185.8,42.8,8.88,10.6,0,28.0,4543.0,38.7,2,50,Battery
V007,2023-02-11,30615.8,5010.0,187.0,29.1,9.07,10.58,1,45.0,5087.0,31.5,3,51,Battery
V007,2023-02-12,30943.9,5019.3,187.9,19.5,8.83,10.57,0,40.5,40614.0,35.5,2,52,Battery
V007,2023-02-13,31301.4,5029.6,209.1,24.2,9.98,10.56,0,33.5,24588.0,24.9,2,53,None
V007,2023-02-14,31408.2,5032.6,199.2,28.3,9.9,10.55,1,51.3,37146.0,7.0,2,54,None
V007,2023-02-15,31605.9,5038.3,186.0,28.5,9.34,10.54,1,43.9,36765.0,19.3,2,55,None
V007,2023-02-16,31935.0,5047.7,207.7,32.2,10.0,10.52,1,36.9,37118.0,35.0,6,56,None
V007,2023-02-17,32056.6,5051.1,186.0,28.3,9.81,10.51,0,47.0,11551.0,30.0,1,57,Battery
V007,2023-02-18,32416.9,5061.4,183.9,31.8,9.49,10.49,0,42.7,18120.0,12.3,3,58,Battery
V007,2023-02-19,32805.0,5072.5,177.1,19.8,9.59,10.48,2,24.0,6419.0,22.8,2,59,None
V007,2023-02-20,32957.9,5076.9,209.3,20.6,9.94,10.47,0,48.1,10539.0,14.4,2,60,Battery
V007,2023-02-21,33136.8,5082.0,207.1,34.6,9.42,10.46,2,49.2,7362.0,17.7,0,61,None
V007,2023-02-22,33260.8,5085.5,209.0,24.5,9.6,10.45,0,42.8,25200.0,30.9,2,62,Battery
V007,2023-02-23,33382.1,5089.0,184.7,34.7,9.95,10.44,0,27.4,4028.0,20.2,1,63,None
V007,2023-02-24,33526.7,5093.1,203.4,38.1,9.92,10.43,0,53.4,33040.0,6.9,3,64,None
V007,2023-02-25,33852.8,5102.5,227.9,24.7,9.68,10.41,0,66.9,43004.0,32.0,4,65,None
V007,2023-02-26,34206.4,5112.6,195.0,17.0,9.54,10.39,2,36.9,40565.0,24.5,5,66,Battery
V007,2023-02-27,34521.4,5121.6,189.6,22.1,9.57,10.37,0,43.2,11233.0,35.7,6,67,Battery
V007,2023-02-28,34859.1,5131.2,189.7,29.4,10.09,10.36,1,49.7,11413.0,35.9,1,68,None
V007,2023-03-01,35156.4,5139.7,197.2,38.4,8.9,10.35,0,32.4,43160.0,37.6,5,69,Battery
V008,2023-01-01,132657.1,3977.9,181.3,38.2,9.48,9.66,0,22.2,4737.0,25.0,2,70,Battery
V008,2023-01-02,132874.9,3984.1,212.7,36.6,9.72,9.65,0,27.0,15391.0,34.1,2,71,None
V008,2023-01-03,133086.2,3990.2,203.3,31.4,10.07,9.64,0,30.5,31755.0,22.1,2,72,Battery
V008,2023-01-04,133406.7,3999.3,207.0,44.2,9.86,9.62,0,33.0,13706.0,11.2,4,73,None
V008,2023-01-05,133521.9,4002.6,187.4,22.6,9.28,9.61,0,27.1,4152.0,30.5,1,74,None
V008,2023-01-06,133898.5,4013.4,182.1,24.5,9.49,9.6,1,11.4,4704.0,9.5,3,75,None
V008,2023-01-07,134242.1,4023.2,203.4,39.6,9.62,9.59,0,16.5,4958.0,30.2,0,76,None
V008,2023-01-08,134571.5,4032.6,184.9,26.1,10.05,9.57,0,27.1,7857.0,16.3,4,77,Battery
V008,2023-01-09,134857.8,4040.8,196.9,43.0,10.0,9.56,0,27.4,33226.0,10.0,2,78,None
V008,2023-01-10,135059.8,4046.6,179.0,27.8,9.32,9.55,0,39.1,294.0,21.8,0,79,None
V008,2023-01-11,135176.3,4049.9,184.5,38.9,9.06,9.54,1,10.4,4934.0,24.8,1,80,None
V008,2023-01-12,135494.3,4059.0,206.7,47.1,8.93,9.53,0,19.3,26093.0,10.7,1,81,None
V008,2023-01-13,135861.1,4069.5,187.8,35.0,10.06,9.52,2,50.1,30136.0,38.6,2,82,None
V008,2023-01-14,136050.7,4074.9,206.8,26.6,9.11,9.5,0,31.3,41568.0,13.0,6,83,None
V008,2023-01-15,136331.8,4082.9,185.3,47.0,8.74,9.49,0,13.7,12121.0,33.0,2,84,None
V008,2023-01-16,136540.5,4088.9,202.9,45.9,9.48,9.48,1,29.5,26399.0,26.9,1,85,None
V008,2023-01-17,136678.2,4092.8,188.3,39.4,8.87,9.47,1,44.8,9336.0,36.7,2,86,None
V008,2023-01-18,136853.2,4097.8,205.9,43.8,9.28,9.46,0,28.0,37645.0,22.9,2,87,None
V008,2023-01-19,137248.5,4109.1,197.7,24.7,9.25,9.44,0,32.5,34942.0,31.2,3,88,None
V008,2023-01-20,137463.7,4115.3,203.0,32.2,9.7,9.43,1,8.9,42524.0,21.9,3,89,None
V008,2023-01-21,137577.1,4118.5,192.9,31.9,9.33,9.41,0,14.1,36499.0,8.1,6,90,None
V008,2023-01-22,137708.8,4122.3,186.7,46.5,8.43,9.4,0,15.3,28284.0,8.3,1,91,None
V008,2023-01-23,137871.7,4126.9,204.0,40.9,9.89,9.39,3,32.2,15558.0,11.0,0,92,Battery
V008,2023-01-24,138178.2,4135.7,190.5,18.7,8.73,11.99,1,37.4,27186.0,37.8,1,1,None
V008,2023-01-25,138412.3,4142.4,201.3,44.5,9.57,11.98,0,24.8,14538.0,34.4,2,2,None
V008,2023-01-26,138603.4,4147.8,185.0,19.9,9.59,11.97,0,7.4,15540.0,39.7,0,3,None
V008,2023-01-27,138823.9,4154.1,190.4,35.1,9.35,11.96,1,36.8,12240.0,30.3,1,4,Battery
V008,2023-01-28,139162.0,4163.8,196.1,45.3,9.99,11.94,0,21.5,39349.0,34.8,4,5,None
V008,2023-01-29,139295.9,4167.6,205.0,27.5,9.94,11.93,0,33.2,29362.0,32.1,1,6,Battery
V008,2023-01-30,139641.9,4177.5,203.3,20.0,9.17,11.93,0,31.0,9419.0,13.4,0,7,Battery
V008,2023-01-31,139975.3,4187.0,187.3,28.8,9.02,11.92,0,33.8,20157.0,23.6,2,8,Battery
V008,2023-02-01,140149.5,4192.0,205.5,37.7,8.86,11.9,1,32.3,36331.0,31.7,5,9,None
V008,2023-02-02,140487.7,4201.7,193.3,34.3,9.5,11.89,0,22.2,11804.0,34.4,0,10,None
V008,2023-02-03,140850.3,4212.0,197.4,38.4,8.85,11.88,0,27.0,18697.0,19.1,0,11,None
V008,2023-02-04,140982.0,4215.8,181.3,41.1,8.84,11.86,1,30.5,39147.0,9.4,6,12,None
V008,2023-02-05,141141.4,4220.3,179.7,24.4,9.18,11.85,1,49.8,6035.0,7.0,1,13,None
V008,2023-02-06,141277.5,4224.2,214.9,21.1,9.28,11.84,1,24.6,34098.0,25.4,3,14,None
V008,2023-02-07,141646.9,4234.8,213.1,41.0,8.62,11.82,0,19.7,32922.0,17.8,3,15,None
V008,2023-02-08,141748.3,4237.7,213.3,20.9,8.75,11.81,0,35.1,14591.0,8.9,1,16,Battery
V008,2023-02-09,142048.6,4246.3,177.7,46.5,8.53,11.8,0,13.2,1827.0,18.7,3,17,None
V008,2023-02-10,142159.0,4249.4,214.2,32.1,8.88,11.79,1,42.2,27216.0,21.8,1,18,Battery
V008,2023-02-11,142266.6,4252.5,211.0,30.7,9.02,11.78,1,17.0,32532.0,33.4,3,19,Battery
V008,2023-02-12,142372.6,4255.5,221.1,35.7,9.94,11.76,2,53.4,10812.0,9.4,5,20,Battery
V008,2023-02-13,142635.7,4263.0,178.7,30.2,8.57,11.74,0,5.8,32026.0,12.4,4,21,None
V008,2023-02-14,142784.8,4267.3,223.1,40.5,9.21,11.72,0,40.4,37536.0,22.1,5,22,None
V008,2023-02-15,142903.6,4270.7,189.4,32.2,8.92,11.71,0,34.9,21423.0,29.1,3,23,None
V008,2023-02-16,143214.6,4279.6,205.3,28.1,9.08,11.7,1,33.6,43031.0,31.8,3,24,None
V008,2023-02-17,143441.8,4286.1,209.5,39.9,9.5,11.69,2,18.3,2991.0,5.1,1,25,None
V008,2023-02-18,143667.5,4292.5,207.3,19.2,9.07,11.68,1,30.1,31409.0,5.1,1,26,None
V008,2023-02-19,143783.4,4295.8,192.0,25.8,10.0,11.66,0,46.4,24432.0,14.1,3,27,None
V008,2023-02-20,143944.5,4300.4,196.7,35.3,10.1,11.65,0,46.8,34150.0,23.6,2,28,None
V008,2023-02-21,144201.3,4307.8,202.3,26.8,8.73,11.64,0,49.9,35188.0,10.4,2,29,None
V008,2023-02-22,144583.6,4318.7,178.0,42.6,9.49,11.63,0,35.3,14989.0,19.9,0,30,Battery
V008,2023-02-23,144974.1,4329.8,191.8,29.6,9.39,11.62,0,46.9,41532.0,35.9,2,31,Battery
V008,2023-02-24,145220.4,4336.9,195.6,29.3,9.53,11.61,0,43.3,17625.0,26.8,1,32,None
V008,2023-02-25,145358.7,4340.8,228.0,41.1,9.21,11.59,0,59.9,38670.0,25.8,4,33,Battery
V008,2023-02-26,145657.9,4349.4,203.0,26.7,8.98,11.58,1,46.2,30773.0,32.7,1,34,Battery
V008,2023-02-27,145955.7,4357.9,191.0,20.7,8.71,11.58,1,41.2,13228.0,12.6,0,35,None
V008,2023-02-28,146236.1,4365.9,197.8,20.0,9.4,11.56,0,30.2,61.0,22.4,3,36,None
V008,2023-03-01,146630.5,4377.2,212.0,34.2,10.13,11.55,0,26.2,34156.0,22.9,1,37,None
V009,2023-01-01,43952.0,4535.4,203.4,30.0,11.22,10.16,0,43.3,27192.0,34.0,2,35,None
V009,2023-01-02,44163.4,4541.4,206.3,29.5,10.86,10.15,0,11.8,20201.0,23.8,1,36,Battery
V009,2023-01-03,44506.6,4551.3,194.3,32.3,10.38,10.14,0,6.1,2703.0,16.4,0,37,Battery
V009,2023-01-04,44632.7,4554.9,172.3,31.9,11.48,10.12,1,21.1,10033.0,11.6,2,38,Battery
V009,2023-01-05,44811.5,4560.0,196.6,42.2,11.9,10.11,0,38.3,22645.0,7.4,3,39,None
V009,2023-01-06,45028.1,4566.2,189.2,22.3,11.71,10.1,0,21.8,38958.0,30.4,2,40,Battery
V009,2023-01-07,45305.3,4574.1,173.6,20.8,10.27,10.08,0,7.0,19433.0,6.9,2,41,Battery
V009,2023-01-08,45503.6,4579.7,204.2,31.9,11.96,10.07,0,40.0,9445.0,22.2,0,42,None
V009,2023-01-09,45682.5,4584.9,206.6,25.9,11.23,10.06,0,1.0,42648.0,9.4,4,43,None
V009,2023-01-10,45799.9,4588.2,181.0,31.4,10.59,10.05,0,35.7,6329.0,30.1,1,44,None
V009,2023-01-11,46024.3,4594.6,187.4,33.4,10.96,10.03,0,20.0,18088.0,34.6,3,45,None
V009,2023-01-12,46223.0,4600.3,201.7,31.5,11.7,10.02,0,19.6,17615.0,14.2,1,46,None
V009,2023-01-13,46395.6,4605.2,213.8,30.4,10.39,10.01,1,25.3,29574.0,20.4,0,47,None
V009,2023-01-14,46740.7,4615.1,206.4,28.9,11.32,10.0,1,24.5,38745.0,26.5,0,48,Battery
V009,2023-01-15,46869.2,4618.8,181.9,39.7,11.23,9.99,1,12.3,9644.0,25.5,1,49,None
V009,2023-01-16,46972.1,4621.7,205.2,27.4,11.61,9.98,1,8.9,6302.0,16.3,1,50,None
V009,2023-01-17,47291.8,4630.8,191.7,33.1,11.23,9.97,0,28.4,9704.0,7.9,2,51,Battery
V009,2023-01-18,47428.8,4634.7,207.3,34.1,11.42,9.96,0,27.6,44102.0,18.8,1,52,None
V009,2023-01-19,47807.6,4645.6,213.2,17.4,11.28,9.94,0,32.3,35169.0,37.6,2,53,Battery
V009,2023-01-20,48063.5,4652.9,176.5,20.5,11.32,9.93,0,20.8,20274.0,5.4,4,54,None
V009,2023-01-21,48263.3,4658.6,206.9,27.6,11.92,9.92,1,32.6,28685.0,24.4,0,55,None
V009,2023-01-22,48412.9,4662.9,195.8,33.2,11.13,9.9,0,38.1,43997.0,8.8,6,56,Battery
V009,2023-01-23,48544.0,4666.6,179.9,44.7,10.7,9.88,0,13.3,39220.0,22.0,3,57,Battery
V009,2023-01-24,48897.9,4676.7,219.7,24.3,11.04,9.87,0,35.0,33107.0,12.4,1,58,None
V009,2023-01-25,49010.1,4679.9,219.1,40.7,11.59,9.86,0,33.8,42777.0,35.1,2,59,Battery
V009,2023-01-26,49376.1,4690.4,181.2,26.5,10.75,9.84,0,9.2,33826.0,19.8,5,60,Battery
V009,2023-01-27,49659.7,4698.5,211.3,27.6,10.92,9.82,1,19.9,21954.0,29.6,3,61,Battery
V009,2023-01-28,49975.0,4707.5,204.1,44.2,11.84,9.81,2,26.5,42448.0,23.5,3,62,None
V009,2023-01-29,50287.9,4716.4,194.0,34.1,10.91,9.8,0,29.5,12085.0,32.2,2,63,Battery
V009,2023-01-30,50510.7,4722.8,201.8,21.8,10.42,9.78,1,45.2,24488.0,24.0,1,64,Battery
V009,2023-01-31,50898.7,4733.9,208.9,18.0,10.32,9.77,0,32.0,7749.0,14.5,1,65,Battery
V009,2023-02-01,51121.0,4740.2,212.3,39.4,11.74,9.76,0,32.1,5128.0,28.7,3,66,None
V009,2023-02-02,51424.6,4748.9,198.3,35.9,11.54,9.75,0,36.0,19932.0,26.0,2,67,Battery
V009,2023-02-03,51685.7,4756.4,204.6,31.6,10.63,9.73,2,31.1,40986.0,34.6,1,68,None
V009,2023-02-04,51921.9,4763.1,183.9,36.0,11.36,9.72,1,22.8,850.0,8.5,1,69,Battery
V009,2023-02-05,52211.9,4771.4,185.9,38.2,10.37,9.71,0,44.6,11184.0,15.6,2,70,Battery
V009,2023-02-06,52396.0,4776.7,187.8,25.0,11.07,9.7,0,26.9,13939.0,23.3,2,71,None
V009,2023-02-07,52715.7,4785.8,196.8,32.0,11.06,9.69,0,24.3,27493.0,33.7,1,72,Battery
V009,2023-02-08,52895.2,4790.9,210.6,21.5,10.73,9.68,0,44.4,22732.0,31.2,1,73,None
V009,2023-02-09,53106.2,4797.0,186.4,42.6,11.41,9.66,0,32.6,29184.0,30.4,3,74,None
V009,2023-02-10,53322.1,4803.1,223.9,35.5,11.59,9.64,1,38.9,43921.0,15.9,5,75,None
V009,2023-02-11,53672.8,4813.1,179.2,24.7,10.97,9.63,0,21.5,7319.0,34.9,3,76,Battery
V009,2023-02-12,54034.9,4823.5,191.7,32.6,10.74,9.61,0,33.1,31289.0,19.3,2,77,None
V009,2023-02-13,54434.5,4834.9,175.8,29.4,10.92,9.6,0,32.8,10593.0,30.4,1,78,None
V009,2023-02-14,54604.1,4839.8,193.1,18.9,11.1,9.59,0,21.1,22878.0,10.5,2,79,Battery
V009,2023-02-15,54988.9,4850.7,209.7,24.8,10.58,9.57,0,37.3,34973.0,15.0,4,80,Battery
V009,2023-02-16,55160.1,4855.6,186.1,29.0,11.13,9.56,0,31.5,2006.0,39.0,1,81,None
V009,2023-02-17,55362.6,4861.4,192.3,35.5,11.26,9.54,0,13.4,30766.0,5.7,7,82,Battery
V009,2023-02-18,55496.3,4865.2,191.8,19.6,10.66,9.53,1,45.5,36194.0,36.5,1,83,None
V009,2023-02-19,55883.1,4876.3,190.8,19.3,11.07,9.51,0,22.6,9663.0,23.1,3,84,Engine
V009,2023-02-20,56039.8,4880.8,203.5,40.9,10.19,9.5,2,56.1,23825.0,18.8,4,85,None
V009,2023-02-21,56372.2,4890.3,188.5,26.2,10.82,9.49,0,36.3,1521.0,25.8,0,86,Battery
V009,2023-02-22,56756.0,4901.2,211.4,32.6,11.42,9.48,0,47.3,29037.0,33.9,1,87,None
V009,2023-02-23,57004.9,4908.3,189.0,27.0,10.57,9.46,1,53.3,37113.0,19.1,1,88,Battery
V009,2023-02-24,57388.0,4919.3,207.3,27.5,10.44,9.45,0,35.3,18296.0,17.4,2,89,None
V009,2023-02-25,57539.3,4923.6,185.9,36.6,11.17,9.44,0,45.8,1976.0,27.9,2,90,None
V009,2023-02-26,57856.0,4932.7,189.1,32.8,11.45,9.43,0,39.0,3218.0,18.6,1,91,Battery
V009,2023-02-27,58236.9,4943.5,191.6,30.2,10.51,9.42,0,28.7,834.0,20.3,0,92,Battery
V009,2023-02-28,58385.5,4947.8,201.0,23.6,10.4,9.4,0,34.6,23375.0,24.7,3,93,None
V009,2023-03-01,58694.9,4956.6,198.0,25.5,10.81,9.39,0,35.9,17458.0,10.6,3,94,Battery
V010,2023-01-01,127208.0,4859.0,178.8,17.0,9.51,9.74,0,5.5,33458.0,23.6,5,47,Engine
V010,2023-01-02,127457.6,4866.1,201.3,37.7,9.82,9.73,1,23.9,9679.0,14.5,0,48,Battery
V010,2023-01-03,127599.1,4870.2,188.7,34.1,8.82,9.71,0,19.0,35232.0,31.1,2,49,Battery
V010,2023-01-04,127710.0,4873.3,192.1,24.2,9.47,9.7,1,37.7,41975.0,17.1,2,50,None
V010,2023-01-05,127874.3,4878.0,214.4,29.4,9.91,9.69,1,34.4,44371.0,11.3,3,51,None
V010,2023-01-06,128204.8,4887.5,182.9,30.8,9.1,9.67,0,28.2,4014.0,12.4,1,52,None
V010,2023-01-07,128540.3,4897.0,208.2,23.6,9.96,9.65,2,18.2,30412.0,24.6,5,53,None
V010,2023-01-08,128699.8,4901.6,209.5,21.2,10.29,9.64,0,19.1,22229.0,32.7,4,54,None
V010,2023-01-09,129097.3,4913.0,194.4,34.2,10.54,9.62,0,32.5,5193.0,19.2,2,55,Battery
V010,2023-01-10,129243.8,4917.1,191.9,22.1,10.14,9.61,0,12.1,38207.0,23.3,3,56,Battery
V010,2023-01-11,129361.2,4920.5,206.5,40.8,10.27,9.59,0,36.7,24966.0,19.8,3,57,None
V010,2023-01-12,129491.3,4924.2,175.2,26.8,8.95,9.58,0,14.5,32299.0,28.8,1,58,Battery
V010,2023-01-13,129689.8,4929.9,193.2,24.2,10.05,9.57,0,13.0,42231.0,9.3,1,59,None
V010,2023-01-14,130057.8,4940.4,196.6,19.7,9.73,9.56,4,45.2,37045.0,8.6,1,60,Battery
V010,2023-01-15,130311.2,4947.6,192.4,36.6,10.16,9.55,1,29.4,30272.0,18.5,1,61,None
V010,2023-01-16,130625.9,4956.6,165.8,42.9,10.15,9.54,0,-4.6,4933.0,31.2,0,62,None
V010,2023-01-17,130832.0,4962.5,206.7,28.8,9.18,9.53,0,7.9,40942.0,35.5,3,63,Battery
V010,2023-01-18,130997.2,4967.2,195.9,39.9,9.03,9.51,1,33.2,16814.0,16.7,1,64,None
V010,2023-01-19,131101.4,4970.2,201.1,20.8,10.36,9.5,1,21.9,7967.0,6.0,1,65,None
V010,2023-01-20,131304.8,4976.0,186.7,31.6,10.12,9.49,0,20.4,40214.0,15.2,3,66,None
V010,2023-01-21,131676.0,4986.6,179.0,32.3,9.3,9.47,0,32.2,21471.0,20.7,3,67,None
V010,2023-01-22,132018.2,4996.4,187.1,18.2,10.13,9.46,1,0.6,28602.0,15.6,2,68,None
V010,2023-01-23,132345.4,5005.8,199.4,23.1,8.89,9.45,1,18.8,7264.0,18.0,3,69,None
V010,2023-01-24,132541.3,5011.4,199.0,29.8,8.77,9.44,0,19.3,7543.0,14.2,0,70,Battery
V010,2023-01-25,132908.5,5021.8,196.2,17.7,8.94,9.42,0,23.0,36951.0,22.3,5,71,Engine
V010,2023-01-26,133127.7,5028.1,189.0,18.0,10.11,9.4,1,28.8,28122.0,32.3,5,72,None
V010,2023-01-27,133345.2,5034.3,191.3,23.1,8.88,9.39,0,9.2,22417.0,21.0,1,73,None
V010,2023-01-28,133561.6,5040.5,177.8,33.3,9.05,9.37,0,18.2,16918.0,27.4,3,74,Battery
V010,2023-01-29,133731.9,5045.4,179.0,37.5,8.84,9.36,0,15.1,13744.0,16.3,0,75,None
V010,2023-01-30,134067.1,5055.0,205.0,35.8,10.33,9.35,0,29.3,28013.0,16.0,1,76,Battery
V010,2023-01-31,134320.9,5062.2,190.0,31.0,9.19,9.34,0,37.5,21319.0,33.0,3,77,None
V010,2023-02-01,134426.8,5065.2,193.5,41.3,8.88,9.33,0,25.2,31456.0,13.9,0,78,None
V010,2023-02-02,134809.5,5076.2,207.2,18.9,9.94,9.32,1,5.7,13957.0,20.8,1,79,None
V010,2023-02-03,135158.2,5086.1,196.2,20.3,9.63,9.3,0,23.3,4905.0,8.8,1,80,Battery
V010,2023-02-04,135271.9,5089.4,219.2,17.9,9.9,9.28,1,28.5,44906.0,14.1,6,81,None
V010,2023-02-05,135380.4,5092.5,194.8,39.6,9.89,9.27,0,32.7,8988.0,13.5,1,82,None
V010,2023-02-06,135585.6,5098.3,199.1,34.7,8.98,9.26,1,20.3,31716.0,36.7,4,83,None
V010,2023-02-07,135951.9,5108.8,197.5,38.1,9.36,9.25,0,33.9,43095.0,35.4,0,84,None
V010,2023-02-08,136200.0,5115.9,185.9,42.2,10.1,9.23,2,32.8,36631.0,32.2,5,85,None
V010,2023-02-09,136450.8,5123.1,181.6,42.1,8.72,9.22,0,19.5,22132.0,11.0,1,86,Battery
V010,2023-02-10,136637.4,5128.4,199.8,25.1,9.95,9.21,1,28.2,18822.0,24.6,1,87,None
V010,2023-02-11,136878.9,5135.3,210.3,36.4,10.05,9.19,1,36.1,40855.0,17.7,3,88,None
V010,2023-02-12,137264.7,5146.3,196.5,29.7,9.55,9.18,2,32.4,11330.0,18.0,0,89,None
V010,2023-02-13,137620.6,5156.5,204.7,25.7,9.14,9.17,1,48.1,36267.0,9.6,3,90,None
V010,2023-02-14,137817.1,5162.1,179.5,17.1,9.85,9.15,0,29.8,27547.0,10.8,3,91,Battery
V010,2023-02-15,138084.0,5169.7,205.6,34.9,9.54,9.14,1,31.8,14714.0,20.5,3,92,None
V010,2023-02-16,138408.5,5179.0,201.1,28.9,8.89,11.99,0,37.5,19253.0,16.6,0,1,None
V010,2023-02-17,138597.4,5184.4,197.5,36.0,9.48,11.98,0,30.8,7168.0,20.2,1,2,Battery
V010,2023-02-18,138766.7,5189.2,218.7,39.9,10.16,11.96,1,37.8,38263.0,20.2,5,3,None
V010,2023-02-19,138963.3,5194.8,206.2,32.7,9.32,11.95,0,36.5,3376.0,36.3,1,4,None
V010,2023-02-20,139121.4,5199.4,215.1,20.0,9.22,11.93,0,44.4,41007.0,19.1,5,5,Battery
V010,2023-02-21,139308.6,5204.7,198.3,30.8,9.79,11.91,0,27.6,27665.0,36.6,4,6,None
V010,2023-02-22,139488.3,5209.8,218.0,38.4,10.15,11.9,1,48.6,21384.0,38.1,1,7,None
V010,2023-02-23,139749.9,5217.3,215.3,27.9,9.55,11.89,0,41.5,20075.0,24.8,1,8,Battery
V010,2023-02-24,139911.3,5221.9,211.8,27.8,9.12,11.88,0,44.9,27637.0,11.6,3,9,None
V010,2023-02-25,140069.2,5226.4,202.4,20.6,10.12,11.86,0,44.2,39723.0,33.3,4,10,None
V010,2023-02-26,140255.4,5231.8,193.8,39.4,9.7,11.85,0,32.6,502.0,13.5,1,11,None
V010,2023-02-27,140582.3,5241.1,188.7,21.3,8.92,11.83,1,35.8,27473.0,17.7,2,12,None
V010,2023-02-28,140686.9,5244.1,194.4,35.8,9.18,11.82,1,61.7,25099.0,27.8,1,13,None
V010,2023-03-01,140893.0,5250.0,185.4,16.4,9.12,11.81,2,29.9,21710.0,25.9,3,14,Battery
V011,2023-01-01,41011.8,545.8,202.5,48.9,11.87,10.85,0,30.8,8828.0,28.5,1,63,None
V011,2023-01-02,41273.6,553.2,218.4,48.6,11.39,10.84,1,33.0,34947.0,16.2,2,64,None
V011,2023-01-03,41525.8,560.4,170.0,61.1,11.82,10.84,1,10.5,4790.0,38.9,0,65,None
V011,2023-01-04,41782.6,567.8,200.2,61.7,12.11,10.83,0,15.9,24752.0,8.4,1,66,None
V011,2023-01-05,42035.8,575.0,175.9,48.9,12.35,10.81,0,0.3,20715.0,9.1,3,67,None
V011,2023-01-06,42385.9,585.0,195.1,45.4,11.82,10.8,0,35.0,18230.0,38.7,0,68,None
V011,2023-01-07,42538.5,589.4,215.2,54.8,12.3,10.79,0,30.3,21669.0,23.6,2,69,None
V011,2023-01-08,42684.5,593.5,183.3,47.8,12.05,10.78,0,26.7,8101.0,20.2,1,70,Battery
V011,2023-01-09,42928.9,600.5,187.6,46.4,11.52,10.77,1,13.0,41544.0,33.2,2,71,Battery
V011,2023-01-10,43318.6,611.7,199.7,31.2,11.09,10.75,2,20.3,41030.0,38.2,5,72,None
V011,2023-01-11,43696.5,622.5,191.6,30.0,12.44,10.74,0,11.3,41078.0,8.2,2,73,None
V011,2023-01-12,43964.8,630.1,194.6,33.7,12.21,10.73,0,18.6,13510.0,19.0,2,74,None
V011,2023-01-13,44220.2,637.4,214.1,49.8,12.85,10.72,0,25.1,41288.0,24.1,3,75,None
V011,2023-01-14,44378.2,641.9,207.9,26.7,12.31,10.71,0,32.4,40141.0,6.1,1,76,None
V011,2023-01-15,44482.9,644.9,207.7,57.9,11.17,10.69,0,15.5,4238.0,14.4,2,77,Battery
V011,2023-01-16,44813.2,654.4,194.9,40.1,11.45,10.68,0,22.2,33725.0,23.9,2,78,None
V011,2023-01-17,44979.6,659.1,203.8,24.4,11.99,10.67,1,21.7,10101.0,24.3,3,79,None
V011,2023-01-18,45220.7,666.0,197.7,60.5,11.75,10.65,0,19.3,34625.0,8.7,5,80,None
V011,2023-01-19,45416.3,671.6,210.8,60.3,11.74,10.64,0,42.3,1085.0,36.4,1,81,None
V011,2023-01-20,45626.8,677.6,207.9,52.2,12.4,10.62,1,13.1,29081.0,6.2,5,82,None
V011,2023-01-21,45761.7,681.5,199.0,40.4,11.08,10.61,0,15.0,7198.0,5.5,2,83,None
V011,2023-01-22,46132.3,692.1,195.5,32.4,11.05,10.6,0,29.1,536.0,22.4,0,84,None
V011,2023-01-23,46344.0,698.1,195.3,45.5,11.33,10.6,0,16.2,7861.0,16.4,0,85,None
V011,2023-01-24,46549.5,704.0,191.9,52.0,12.06,10.59,0,16.8,2829.0,26.8,0,86,Battery
V011,2023-01-25,46780.8,710.6,189.1,55.6,11.45,10.58,0,21.2,41018.0,39.9,1,87,Battery
V011,2023-01-26,47028.8,717.7,202.3,38.8,11.45,10.57,1,23.5,31345.0,14.5,2,88,None
V011,2023-01-27,47134.6,720.7,221.2,36.5,11.53,10.56,0,53.6,15451.0,28.4,1,89,Engine
V011,2023-01-28,47344.4,726.7,212.3,44.6,11.5,10.55,0,28.3,37314.0,19.0,0,90,None
V011,2023-01-29,47672.2,736.0,186.1,52.9,11.0,10.54,0,35.4,11063.0,35.3,1,91,None
V011,2023-01-30,47956.0,744.2,211.7,33.4,11.43,11.99,1,40.2,10151.0,36.7,1,1,None
V011,2023-01-31,48140.7,749.4,187.5,55.6,12.2,11.98,1,31.5,44445.0,21.6,3,2,Battery
V011,2023-02-01,48452.8,758.4,210.7,33.7,12.11,11.97,1,28.1,28603.0,10.2,1,3,None
V011,2023-02-02,48808.0,768.5,218.8,46.4,12.17,11.96,0,47.8,36035.0,22.3,1,4,Engine
V011,2023-02-03,49198.4,779.7,183.4,52.2,12.55,11.95,0,30.9,14402.0,6.3,1,5,None
V011,2023-02-04,49428.7,786.2,185.7,38.1,10.86,11.94,1,26.4,8584.0,35.9,2,6,None
V011,2023-02-05,49622.1,791.8,197.7,57.1,12.59,11.92,0,24.4,44577.0,20.6,3,7,None
V011,2023-02-06,49975.7,801.9,204.0,45.6,11.89,11.91,0,41.0,4477.0,33.8,1,8,Battery
V011,2023-02-07,50254.1,809.8,208.7,28.6,12.56,11.9,0,25.2,26522.0,28.9,2,9,None
V011,2023-02-08,50443.9,815.2,189.2,34.1,11.74,11.89,0,33.5,24939.0,29.7,3,10,Battery
V011,2023-02-09,50710.9,822.9,187.9,48.0,12.33,11.87,0,36.8,14367.0,18.7,2,11,None
V011,2023-02-10,51107.3,834.2,178.5,44.1,12.39,11.87,0,37.0,5182.0,19.6,0,12,None
V011,2023-02-11,51447.0,843.9,197.4,49.9,12.58,11.85,0,47.8,6148.0,17.2,2,13,None
V011,2023-02-12,51697.8,851.1,205.1,42.7,12.22,11.84,0,32.3,17862.0,11.1,4,14,None
V011,2023-02-13,51826.4,854.7,190.9,47.9,11.74,11.83,1,40.7,5373.0,32.4,1,15,None
V011,2023-02-14,51939.3,858.0,206.4,35.5,11.35,11.82,0,52.4,37889.0,21.2,3,16,None
V011,2023-02-15,52095.7,862.4,220.0,28.4,12.45,11.8,0,41.0,39960.0,33.3,3,17,None
V011,2023-02-16,52348.8,869.7,190.5,29.2,11.99,11.78,0,28.5,38837.0,23.4,5,18,None
V011,2023-02-17,52639.5,878.0,193.9,31.7,12.4,11.77,0,24.8,42199.0,9.5,4,19,None
V011,2023-02-18,52920.1,886.0,176.3,29.0,11.97,11.76,0,24.0,12467.0,21.2,2,20,None
V011,2023-02-19,53171.5,893.2,205.1,43.3,11.93,11.75,0,60.9,39849.0,36.0,0,21,None
V011,2023-02-20,53287.8,896.5,194.0,49.7,12.41,11.73,0,36.6,36622.0,18.3,4,22,None
V011,2023-02-21,53439.5,900.8,207.9,31.0,12.03,11.72,0,26.2,5213.0,25.3,1,23,None
V011,2023-02-22,53591.4,905.2,192.6,60.0,11.67,11.71,0,46.4,39830.0,6.6,1,24,None
V011,2023-02-23,53712.4,908.6,198.0,44.6,11.36,11.71,0,35.7,11515.0,11.9,0,25,None
V011,2023-02-24,54040.6,918.0,206.7,57.4,12.11,11.7,0,42.8,11901.0,9.5,1,26,None
V011,2023-02-25,54233.8,923.5,224.0,48.3,10.71,11.68,0,53.7,44749.0,6.3,2,27,Battery
V011,2023-02-26,54617.0,934.5,219.5,29.1,10.67,11.66,1,33.5,36746.0,35.4,7,28,None
V011,2023-02-27,54928.4,943.4,216.5,48.5,11.95,11.65,0,42.4,32049.0,8.3,4,29,None
V011,2023-02-28,55115.5,948.7,225.8,31.8,11.98,11.63,0,51.8,40313.0,25.2,3,30,None
V011,2023-03-01,55243.3,952.4,181.9,32.5,11.05,11.62,1,30.9,19358.0,25.5,2,31,None
V012,2023-01-01,98992.2,4302.9,191.3,40.4,12.03,9.02,0,-1.3,28173.0,6.1,8,32,None
V012,2023-01-02,99327.9,4312.5,187.2,22.2,13.55,9.0,0,25.2,32697.0,29.6,4,33,None
V012,2023-01-03,99682.8,4322.7,213.1,24.7,12.69,9.0,0,41.1,26987.0,17.3,1,34,None
V012,2023-01-04,99903.4,4329.0,192.7,42.2,12.9,8.98,1,13.1,43079.0,39.8,2,35,None
V012,2023-01-05,100209.2,4337.7,202.2,34.6,12.49,8.97,0,11.8,4608.0,30.8,1,36,None
V012,2023-01-06,100520.6,4346.6,206.4,28.3,11.79,8.96,0,16.2,40068.0,37.1,2,37,Battery
V012,2023-01-07,100873.9,4356.7,175.8,21.6,12.61,8.95,1,17.2,3958.0,29.7,1,38,None
V012,2023-01-08,101235.8,4367.1,204.0,40.6,13.05,8.94,0,31.1,16779.0,34.5,2,39,None
V012,2023-01-09,101459.4,4373.4,217.9,45.7,12.81,8.93,0,31.1,31847.0,19.2,0,40,None
V012,2023-01-10,101597.6,4377.4,214.8,25.2,12.12,8.92,0,27.2,40697.0,23.4,4,41,None
V012,2023-01-11,101786.5,4382.8,215.1,18.5,13.6,8.91,0,43.4,1182.0,18.2,1,42,None
V012,2023-01-12,102079.3,4391.2,199.2,38.4,13.67,8.9,0,24.0,20614.0,32.7,0,43,None
V012,2023-01-13,102332.2,4398.4,175.9,21.2,11.76,8.89,0,6.9,10184.0,5.6,1,44,Battery
V012,2023-01-14,102557.6,4404.8,194.7,18.6,12.54,8.88,1,7.0,11065.0,21.7,3,45,Engine
V012,2023-01-15,102881.2,4414.1,213.3,19.0,12.36,8.86,0,36.2,14611.0,30.9,2,46,None
V012,2023-01-16,103112.5,4420.7,211.3,29.6,13.32,8.85,1,30.0,43570.0,38.4,5,47,None
V012,2023-01-17,103386.1,4428.5,179.7,40.3,12.87,8.83,0,30.1,28424.0,16.1,3,48,None
V012,2023-01-18,103773.4,4439.6,208.1,23.7,11.99,8.82,0,18.3,35043.0,30.8,3,49,None
V012,2023-01-19,104114.3,4449.3,170.4,19.7,12.02,8.81,2,9.1,62.0,20.6,0,50,None
V012,2023-01-20,104369.9,4456.6,216.9,22.9,12.14,8.79,0,39.1,27173.0,20.3,4,51,None
V012,2023-01-21,104760.7,4467.8,193.9,41.8,12.29,8.77,0,12.1,29638.0,39.1,7,52,None
V012,2023-01-22,104890.8,4471.5,208.2,27.5,12.07,8.76,0,25.7,15125.0,18.3,2,53,None
V012,2023-01-23,105219.5,4480.9,198.0,17.8,13.13,8.75,1,28.7,6003.0,35.8,1,54,Engine
V012,2023-01-24,105409.3,4486.3,181.1,22.2,12.85,8.74,0,19.7,44561.0,27.1,3,55,None
V012,2023-01-25,105774.8,4496.7,205.2,39.4,12.26,8.72,0,31.0,42523.0,27.6,4,56,None
V012,2023-01-26,106085.4,4505.6,191.9,25.6,12.5,8.71,2,38.7,22325.0,20.1,2,57,None
V012,2023-01-27,106297.9,4511.7,200.1,19.4,12.11,8.69,1,24.4,17973.0,21.1,4,58,Engine
V012,2023-01-28,106604.4,4520.4,213.0,43.9,13.26,8.68,0,27.5,37388.0,19.3,3,59,None
V012,2023-01-29,106772.2,4525.2,188.3,26.6,11.71,8.66,0,34.0,22352.0,18.8,4,60,None
V012,2023-01-30,107157.6,4536.2,207.3,20.0,12.06,8.65,1,29.1,25557.0,10.8,5,61,None
V012,2023-01-31,107293.6,4540.1,184.2,32.4,12.58,8.64,0,22.9,17183.0,25.5,1,62,None
V012,2023-02-01,107429.7,4544.0,190.2,28.6,11.88,8.63,0,33.1,5526.0,24.8,0,63,None
V012,2023-02-02,107729.4,4552.6,180.4,29.2,11.55,8.62,0,34.5,19905.0,24.5,3,64,Battery
V012,2023-02-03,107982.7,4559.8,192.1,40.4,11.3,8.61,0,13.9,6915.0,26.6,0,65,None
V012,2023-02-04,108190.2,4565.7,194.2,38.4,12.39,8.59,0,32.8,39201.0,39.0,6,66,None
V012,2023-02-05,108307.4,4569.1,194.0,18.1,12.61,8.58,0,26.9,20471.0,32.8,2,67,None
V012,2023-02-06,108593.8,4577.3,204.5,37.0,13.31,8.56,0,29.0,28198.0,33.7,3,68,None
V012,2023-02-07,108782.9,4582.7,212.7,35.0,13.21,8.55,0,36.9,16219.0,39.6,1,69,None
V012,2023-02-08,108980.1,4588.3,201.1,40.9,11.57,8.54,1,24.9,42959.0,16.7,3,70,Battery
V012,2023-02-09,109221.1,4595.2,174.6,44.9,12.05,8.53,0,21.3,883.0,30.7,1,71,None
V012,2023-02-10,109523.0,4603.8,203.3,25.9,12.44,8.52,0,39.8,40495.0,15.0,3,72,None
V012,2023-02-11,109737.3,4610.0,211.9,32.1,12.74,8.51,0,44.8,37888.0,36.7,1,73,None
V012,2023-02-12,109979.4,4616.9,197.0,32.0,12.6,8.49,1,40.8,29229.0,21.4,2,74,None
V012,2023-02-13,110236.1,4624.2,184.8,30.5,12.59,8.47,0,40.7,37189.0,25.2,6,75,None
V012,2023-02-14,110388.2,4628.5,181.1,24.0,12.75,8.46,0,30.3,32161.0,24.9,2,76,None
V012,2023-02-15,110770.8,4639.5,212.9,41.5,12.26,8.45,0,43.4,38244.0,34.6,3,77,None
V012,2023-02-16,111051.7,4647.5,184.8,20.8,11.96,8.43,1,15.5,38849.0,28.1,3,78,None
V012,2023-02-17,111220.0,4652.3,192.0,28.0,11.95,8.42,1,46.8,44429.0,24.6,2,79,None
V012,2023-02-18,111335.0,4655.6,209.8,38.7,11.5,8.41,0,22.8,14244.0,27.4,1,80,Battery
V012,2023-02-19,111587.2,4662.8,202.2,32.7,12.7,8.4,2,54.7,33047.0,9.2,2,81,Brakes
V012,2023-02-20,111916.0,4672.2,186.2,39.6,12.97,8.39,0,45.5,23236.0,8.3,1,82,None
V012,2023-02-21,112125.0,4678.2,214.3,24.3,11.66,8.38,0,17.4,32859.0,15.5,2,83,Battery
V012,2023-02-22,112284.6,4682.7,204.4,17.2,11.39,8.37,0,46.5,9285.0,10.1,0,84,None
V012,2023-02-23,112433.3,4687.0,200.5,27.5,11.82,8.36,0,54.4,27030.0,22.2,2,85,None
V012,2023-02-24,112565.9,4690.8,225.4,24.8,11.73,8.35,0,56.9,27517.0,8.5,3,86,Battery
V012,2023-02-25,112710.6,4694.9,207.4,28.8,12.4,8.33,0,39.2,35693.0,26.0,2,87,None
V012,2023-02-26,113101.9,4706.1,199.1,26.5,12.41,8.32,0,43.7,43056.0,10.4,5,88,None
V012,2023-02-27,113243.8,4710.1,210.5,21.8,13.17,8.3,0,56.7,38390.0,19.0,4,89,None
V012,2023-02-28,113603.8,4720.4,180.5,32.5,12.1,8.29,1,41.1,3609.0,31.3,0,90,None
V012,2023-03-01,113762.8,4725.0,206.3,25.1,12.07,8.27,1,40.3,38731.0,10.1,6,91,None
V013,2023-01-01,138673.2,1622.2,191.2,35.4,9.59,10.44,0,27.7,39666.0,32.7,1,19,Battery
V013,2023-01-02,138806.3,1626.0,176.4,33.4,9.03,10.43,0,2.3,37327.0,29.3,3,20,None
V013,2023-01-03,138921.3,1629.3,207.3,26.9,9.61,10.42,1,26.0,6136.0,25.6,4,21,Battery
V013,2023-01-04,139154.4,1636.0,186.7,50.0,9.18,10.41,1,10.4,38278.0,7.7,2,22,Engine
V013,2023-01-05,139426.0,1643.8,214.9,37.0,8.73,10.39,0,34.1,36539.0,11.8,6,23,None
V013,2023-01-06,139749.9,1653.0,211.9,26.3,9.68,10.38,0,26.6,25198.0,27.1,2,24,Battery
V013,2023-01-07,140067.9,1662.1,217.7,28.4,9.91,10.37,0,42.7,24448.0,39.2,1,25,Battery
V013,2023-01-08,140279.2,1668.1,177.2,27.7,9.42,10.36,1,2.4,31726.0,18.5,2,26,None
V013,2023-01-09,140644.0,1678.6,209.4,53.6,9.12,10.35,1,31.3,11405.0,17.5,0,27,None
V013,2023-01-10,141002.7,1688.8,188.3,37.4,9.59,10.34,1,11.4,36441.0,9.5,3,28,Battery
V013,2023-01-11,141116.4,1692.0,198.8,46.5,9.75,10.33,0,15.9,21567.0,30.5,1,29,None
V013,2023-01-12,141334.7,1698.3,188.4,47.4,9.68,10.32,0,20.3,41620.0,34.7,2,30,None
V013,2023-01-13,141643.7,1707.1,191.7,25.1,8.83,10.31,0,31.2,7168.0,18.0,3,31,None
V013,2023-01-14,141805.4,1711.7,208.1,42.1,9.65,10.3,1,53.9,24491.0,33.1,2,32,None
V013,2023-01-15,141961.4,1716.2,198.0,36.1,10.13,10.29,0,32.8,39058.0,37.5,1,33,Battery
V013,2023-01-16,142351.3,1727.3,170.3,33.0,9.12,10.28,0,4.9,6890.0,31.0,1,34,Battery
V013,2023-01-17,142704.7,1737.4,182.6,26.3,9.66,10.27,0,17.3,21886.0,12.3,3,35,None
V013,2023-01-18,142985.6,1745.5,190.1,44.9,9.08,10.26,0,26.4,6556.0,30.4,0,36,Battery
V013,2023-01-19,143187.4,1751.2,217.6,37.3,9.96,10.25,2,44.6,5451.0,14.5,1,37,Battery
V013,2023-01-20,143373.7,1756.5,192.1,56.9,9.02,10.25,1,15.4,11178.0,29.0,0,38,Battery
V013,2023-01-21,143744.1,1767.1,195.6,48.4,9.33,10.24,2,20.5,16898.0,20.7,3,39,Battery
V013,2023-01-22,144015.2,1774.9,202.0,28.3,9.06,10.23,0,15.0,29179.0,28.7,2,40,Battery
V013,2023-01-23,144245.2,1781.4,190.5,42.2,9.04,10.21,1,24.2,32944.0,28.9,3,41,None
V013,2023-01-24,144626.9,1792.3,177.5,50.5,9.83,10.2,1,15.9,35120.0,37.2,2,42,None
V013,2023-01-25,144983.1,1802.5,210.2,23.1,9.7,10.19,1,15.5,35596.0,25.7,2,43,None
V013,2023-01-26,145340.3,1812.7,208.4,55.1,9.17,10.19,0,34.2,10468.0,33.2,0,44,None
V013,2023-01-27,145650.5,1821.6,193.6,47.6,9.28,10.17,0,40.0,16469.0,19.2,4,45,None
V013,2023-01-28,146019.2,1832.1,180.4,47.4,9.43,10.16,1,36.1,15954.0,38.3,3,46,Battery
V013,2023-01-29,146350.4,1841.6,193.9,29.0,9.25,10.15,0,24.6,30866.0,24.6,2,47,Battery
V013,2023-01-30,146452.9,1844.5,187.7,39.3,9.59,10.13,0,24.2,34139.0,26.9,4,48,Battery
V013,2023-01-31,146572.3,1847.9,184.6,40.4,9.36,10.13,1,20.0,15614.0,12.3,1,49,Battery
V013,2023-02-01,146910.3,1857.6,184.7,31.7,9.03,10.11,0,40.9,1545.0,39.4,2,50,Battery
V013,2023-02-02,147131.6,1863.9,208.4,41.3,9.66,10.1,2,35.7,41730.0,29.6,2,51,None
V013,2023-02-03,147268.9,1867.8,220.4,56.6,10.07,10.1,1,35.5,42215.0,38.8,1,52,None
V013,2023-02-04,147408.2,1871.8,187.8,23.8,10.04,10.09,1,33.5,17569.0,18.3,1,53,Battery
V013,2023-02-05,147719.5,1880.7,184.2,42.8,9.59,10.08,0,28.4,32776.0,36.4,0,54,None
V013,2023-02-06,148105.6,1891.7,183.1,56.6,9.27,10.06,1,23.8,42292.0,18.9,5,55,None
V013,2023-02-07,148253.5,1896.0,177.1,25.5,9.68,10.05,0,23.6,1287.0,36.8,2,56,None
V013,2023-02-08,148413.2,1900.5,209.8,56.4,10.15,10.04,0,37.5,26076.0,13.6,2,57,Battery
V013,2023-02-09,148769.3,1910.7,214.5,36.4,9.5,10.03,0,36.0,26493.0,35.6,3,58,Battery
V013,2023-02-10,148935.8,1915.5,189.7,33.6,9.41,10.02,2,26.2,20433.0,22.2,1,59,None
V013,2023-02-11,149150.3,1921.6,178.0,29.1,9.44,10.01,0,36.8,14359.0,34.8,1,60,None
V013,2023-02-12,149528.2,1932.4,211.8,38.6,9.71,10.01,0,39.0,5785.0,26.8,0,61,None
V013,2023-02-13,149774.1,1939.4,217.8,33.6,9.25,9.99,1,47.1,38841.0,20.7,4,62,None
V013,2023-02-14,150167.9,1950.7,188.7,29.7,9.15,9.99,0,42.5,51.0,36.3,0,63,None
V013,2023-02-15,150318.7,1955.0,182.8,53.9,9.5,9.98,0,35.6,22980.0,19.6,2,64,Battery
V013,2023-02-16,150615.7,1963.5,194.3,41.8,9.67,9.96,1,38.7,30603.0,37.8,4,65,None
V013,2023-02-17,150948.1,1973.0,188.4,46.3,9.25,9.95,0,51.2,42196.0,10.0,3,66,Battery
V013,2023-02-18,151257.2,1981.8,208.7,54.3,10.14,9.93,0,30.2,13366.0,31.9,5,67,None
V013,2023-02-19,151612.4,1991.9,208.0,32.2,9.32,9.93,0,29.6,400.0,6.3,1,68,Battery
V013,2023-02-20,151957.7,2001.8,204.6,26.6,8.96,9.91,1,36.7,42788.0,34.5,4,69,Battery
V013,2023-02-21,152088.5,2005.5,220.6,55.3,9.24,9.9,0,37.0,33946.0,12.7,0,70,None
V013,2023-02-22,152425.7,2015.2,199.9,39.3,9.88,9.9,2,35.4,27038.0,10.6,1,71,Battery
V013,2023-02-23,152622.5,2020.8,184.7,53.0,9.07,9.89,0,26.7,25613.0,23.1,2,72,None
V013,2023-02-24,152766.8,2024.9,201.5,46.7,10.0,9.88,1,34.9,801.0,20.4,0,73,None
V013,2023-02-25,153082.9,2033.9,210.3,41.7,8.97,9.87,0,40.4,31586.0,20.8,3,74,None
V013,2023-02-26,153246.8,2038.6,211.6,22.4,9.64,9.85,0,38.6,33566.0,26.9,3,75,Battery
V013,2023-02-27,153621.9,2049.4,219.3,33.5,8.96,9.84,1,34.6,35145.0,13.5,4,76,None
V013,2023-02-28,153822.6,2055.1,206.0,45.2,9.69,9.83,0,43.7,16244.0,32.4,3,77,Battery
V013,2023-03-01,154105.1,2063.2,185.9,25.1,9.91,9.82,0,20.5,1809.0,31.7,0,78,None
V014,2023-01-01,14700.3,1417.1,188.4,51.3,9.73,9.06,0,-4.5,33768.0,7.6,1,67,Battery
V014,2023-01-02,15032.1,1426.6,210.6,28.0,9.88,9.05,0,20.4,11946.0,12.3,1,68,Battery
V014,2023-01-03,15151.4,1430.0,193.0,41.6,8.58,9.04,0,19.3,36666.0,36.1,3,69,Battery
V014,2023-01-04,15308.9,1434.5,209.3,40.4,9.59,9.02,0,12.4,41007.0,5.7,4,70,None
V014,2023-01-05,15673.0,1444.9,214.2,27.9,9.61,9.01,0,20.7,35942.0,12.4,2,71,None
V014,2023-01-06,15837.4,1449.6,172.9,42.1,10.09,9.0,0,23.2,8411.0,20.9,1,72,None
V014,2023-01-07,16144.1,1458.4,187.5,52.1,8.84,8.99,1,24.9,33080.0,15.2,3,73,Battery
V014,2023-01-08,16539.8,1469.7,186.5,46.9,9.75,8.98,1,28.1,1419.0,28.2,1,74,None
V014,2023-01-09,16851.3,1478.6,195.6,41.9,9.07,8.97,0,11.1,2725.0,29.0,1,75,None
V014,2023-01-10,17213.2,1488.9,174.7,25.9,9.43,8.95,0,10.9,18427.0,10.9,5,76,Battery
V014,2023-01-11,17545.4,1498.4,187.0,54.0,8.89,8.94,0,18.9,26386.0,7.7,1,77,Battery
V014,2023-01-12,17663.8,1501.8,179.8,28.0,9.8,8.93,1,30.4,22020.0,33.5,0,78,None
V014,2023-01-13,17901.2,1508.6,180.6,40.1,9.71,8.92,1,20.2,5360.0,7.8,0,79,Battery
V014,2023-01-14,18030.5,1512.3,210.1,55.9,10.11,8.92,1,32.8,4570.0,29.7,0,80,None
V014,2023-01-15,18358.1,1521.6,181.4,38.0,9.6,8.89,0,19.0,44800.0,8.4,7,81,Brakes
V014,2023-01-16,18549.4,1527.1,187.5,29.8,8.95,8.88,0,39.1,22507.0,19.8,1,82,None
V014,2023-01-17,18784.2,1533.8,185.8,24.8,9.53,8.87,1,19.5,38693.0,32.2,2,83,Battery
V014,2023-01-18,18938.6,1538.2,183.9,31.0,9.01,8.86,0,26.3,21411.0,27.9,1,84,Battery
V014,2023-01-19,19302.0,1548.6,182.4,27.4,8.87,8.85,0,25.2,26207.0,39.5,3,85,Battery
V014,2023-01-20,19539.3,1555.4,211.1,57.8,8.75,8.84,0,23.0,14606.0,11.4,0,86,Battery
V014,2023-01-21,19744.9,1561.2,198.0,57.8,9.81,8.82,3,23.7,44247.0,16.5,6,87,None
V014,2023-01-22,19936.2,1566.7,174.9,52.1,9.61,8.81,1,16.9,1603.0,37.7,1,88,None
V014,2023-01-23,20187.5,1573.9,175.5,37.8,8.77,8.8,1,33.8,1423.0,32.1,0,89,None
V014,2023-01-24,20527.4,1583.6,215.1,41.6,9.67,8.79,0,26.7,27473.0,12.9,5,90,Battery
V014,2023-01-25,20926.2,1595.0,196.4,27.5,9.9,8.78,0,39.9,19895.0,27.9,1,91,None
V014,2023-01-26,21168.1,1601.9,207.3,49.8,9.8,8.76,1,18.1,43708.0,18.0,2,92,None
V014,2023-01-27,21534.9,1612.4,178.7,42.4,8.7,8.75,0,24.3,23583.0,37.0,2,93,Battery
V014,2023-01-28,21858.7,1621.6,194.6,34.6,9.34,8.74,2,37.8,9857.0,7.5,2,94,None
V014,2023-01-29,22239.0,1632.5,192.6,39.1,10.09,8.73,0,24.1,10402.0,18.8,0,95,Battery
V014,2023-01-30,22447.2,1638.4,199.8,49.8,8.9,8.72,0,31.0,37186.0,20.8,2,96,Battery
V014,2023-01-31,22672.2,1644.9,209.1,52.6,9.06,8.71,0,32.5,26984.0,24.8,2,97,Battery
V014,2023-02-01,23020.5,1654.8,207.5,41.2,9.63,8.69,0,7.5,20305.0,10.2,4,98,None
V014,2023-02-02,23259.3,1661.7,183.4,48.3,10.14,11.99,1,43.8,15972.0,39.4,1,1,None
V014,2023-02-03,23406.1,1665.8,204.7,44.7,9.44,11.98,1,26.0,11410.0,8.1,2,2,Battery
V014,2023-02-04,23620.4,1672.0,191.6,45.5,8.86,11.96,2,30.1,40015.0,17.1,4,3,None
V014,2023-02-05,23912.0,1680.3,206.8,51.4,9.48,11.95,0,46.3,23951.0,31.9,4,4,None
V014,2023-02-06,24217.4,1689.0,198.7,27.4,9.49,11.94,1,35.7,14860.0,23.7,0,5,Battery
V014,2023-02-07,24373.1,1693.5,210.1,26.1,9.84,11.93,0,36.9,34427.0,19.2,2,6,Battery
V014,2023-02-08,24715.2,1703.2,198.4,57.4,8.7,11.92,0,21.5,13613.0,9.6,1,7,Battery
V014,2023-02-09,24832.0,1706.6,184.0,55.2,9.99,11.91,0,38.3,18390.0,6.8,2,8,None
V014,2023-02-10,25187.8,1716.8,210.9,41.3,8.71,11.89,0,39.9,41883.0,37.6,2,9,None
V014,2023-02-11,25416.0,1723.3,186.7,57.2,9.04,11.88,0,59.7,5103.0,20.2,1,10,None
V014,2023-02-12,25733.1,1732.3,184.5,52.5,9.96,11.87,0,34.8,39789.0,5.6,5,11,Brakes
V014,2023-02-13,26090.8,1742.6,217.8,38.2,9.21,11.85,0,30.7,40313.0,38.5,6,12,Battery
V014,2023-02-14,26410.0,1751.7,196.4,39.8,9.03,11.84,0,36.2,13063.0,34.0,2,13,Battery
V014,2023-02-15,26510.4,1754.5,195.0,46.5,9.61,11.83,1,28.1,13857.0,14.8,1,14,None
V014,2023-02-16,26838.4,1763.9,206.8,49.8,9.22,11.82,1,31.1,10088.0,17.6,1,15,None
V014,2023-02-17,27197.0,1774.2,180.9,46.4,9.76,11.8,0,26.5,22682.0,28.9,3,16,None
V014,2023-02-18,27412.3,1780.3,215.4,29.1,9.53,11.79,0,45.7,27316.0,5.8,2,17,None
V014,2023-02-19,27717.6,1789.0,184.0,40.9,8.92,11.78,0,45.1,21055.0,8.3,1,18,None
V014,2023-02-20,28060.3,1798.8,198.3,48.0,9.57,11.77,0,42.4,1469.0,7.4,0,19,None
V014,2023-02-21,28432.5,1809.5,191.6,26.5,9.12,11.76,0,8.4,41446.0,23.7,4,20,Battery
V014,2023-02-22,28760.7,1818.8,212.1,23.7,9.33,11.75,0,25.0,5599.0,17.1,0,21,None
V014,2023-02-23,29075.4,1827.8,198.6,49.2,9.31,11.73,0,39.2,40007.0,34.3,5,22,Battery
V014,2023-02-24,29188.1,1831.0,196.2,56.7,9.23,11.72,1,57.1,9236.0,29.3,1,23,None
V014,2023-02-25,29359.4,1835.9,188.0,45.9,9.05,11.71,0,63.0,17938.0,31.5,1,24,Battery
V014,2023-02-26,29629.0,1843.6,200.5,28.7,9.69,11.7,0,27.1,3040.0,11.0,4,25,Battery
V014,2023-02-27,29925.3,1852.1,217.3,43.3,9.87,11.68,0,42.3,21938.0,17.8,2,26,Battery
V014,2023-02-28,30217.8,1860.5,214.3,49.1,8.8,11.67,1,48.9,6449.0,20.6,1,27,Battery
V014,2023-03-01,30363.3,1864.6,209.9,22.9,9.59,11.67,0,59.6,4144.0,13.4,0,28,Brakes
V015,2023-01-01,83489.9,702.3,200.6,46.9,12.73,9.36,0,20.0,41744.0,12.4,2,37,None
V015,2023-01-02,83843.1,712.4,206.5,32.4,13.35,9.35,0,31.9,4440.0,39.8,1,38,None
V015,2023-01-03,84021.5,717.5,181.6,40.6,12.69,9.33,0,19.6,38885.0,8.8,2,39,None
V015,2023-01-04,84390.8,728.0,185.4,28.3,14.16,9.31,0,28.8,43488.0,17.7,5,40,None
V015,2023-01-05,84669.8,736.0,185.4,51.7,12.62,9.3,0,8.7,33430.0,22.2,4,41,None
V015,2023-01-06,85069.3,747.4,189.6,52.9,13.39,9.28,0,36.3,21711.0,33.2,2,42,None
V015,2023-01-07,85216.0,751.6,205.6,53.6,14.06,9.27,0,29.4,2063.0,12.1,1,43,None
V015,2023-01-08,85384.4,756.4,196.2,28.3,14.14,9.26,0,31.3,7080.0,26.5,1,44,None
V015,2023-01-09,85563.7,761.5,211.3,24.3,13.33,9.25,0,26.5,18265.0,39.0,2,45,None
V015,2023-01-10,85957.5,772.8,212.9,59.9,12.94,9.23,0,32.8,35686.0,39.6,6,46,None
V015,2023-01-11,86166.3,778.7,178.0,26.5,13.71,9.21,0,23.6,5777.0,22.5,3,47,None
V015,2023-01-12,86453.1,786.9,185.6,47.0,12.95,9.2,0,29.8,6940.0,17.5,0,48,None
V015,2023-01-13,86656.4,792.7,213.4,36.9,13.58,9.19,0,11.2,40243.0,34.6,2,49,None
V015,2023-01-14,86886.7,799.3,199.9,34.2,12.76,9.18,0,39.5,15083.0,16.8,1,50,None
V015,2023-01-15,87050.6,804.0,210.3,41.3,12.82,9.16,0,23.9,15377.0,14.7,2,51,None
V015,2023-01-16,87196.2,808.2,177.5,60.5,13.14,9.15,0,20.0,6385.0,39.6,0,52,None
V015,2023-01-17,87360.5,812.9,205.3,31.8,13.74,9.14,0,26.5,23991.0,21.7,4,53,None
V015,2023-01-18,87587.5,819.3,201.1,47.5,13.2,9.11,0,47.7,41670.0,12.6,8,54,None
V015,2023-01-19,87833.9,826.4,208.5,30.3,13.21,9.1,0,21.1,22454.0,32.8,2,55,None
V015,2023-01-20,87946.9,829.6,177.5,47.0,12.45,9.08,0,22.3,18020.0,9.6,3,56,None
V015,2023-01-21,88307.2,839.9,172.5,35.9,13.77,9.06,1,9.2,24426.0,38.5,5,57,None
V015,2023-01-22,88476.5,844.7,205.4,53.4,13.33,9.05,1,12.7,8534.0,13.0,3,58,None
V015,2023-01-23,88734.5,852.1,190.3,27.1,12.48,9.04,0,27.3,15446.0,18.6,2,59,None
V015,2023-01-24,88941.8,858.0,202.6,39.6,13.9,9.02,0,25.1,33823.0,26.7,2,60,None
V015,2023-01-25,89209.4,865.7,201.3,43.5,12.66,9.01,0,30.8,4730.0,17.5,1,61,None
V015,2023-01-26,89546.4,875.3,206.2,40.7,12.48,9.0,0,30.2,10306.0,18.7,3,62,None
V015,2023-01-27,89825.5,883.3,188.1,38.4,13.62,8.98,1,48.3,16711.0,38.1,2,63,None
V015,2023-01-28,90017.1,888.8,183.2,59.4,13.55,8.97,0,26.3,22265.0,11.5,2,64,None
V015,2023-01-29,90261.7,895.7,192.4,26.4,12.06,8.95,0,28.1,11352.0,36.9,4,65,None
V015,2023-01-30,90450.6,901.1,178.6,25.2,13.12,8.94,0,22.0,25635.0,28.0,2,66,None
V015,2023-01-31,90721.8,908.9,203.3,41.3,13.18,8.92,0,6.6,20795.0,20.0,3,67,None
V015,2023-02-01,90880.1,913.4,221.7,28.9,13.36,8.91,0,48.2,38747.0,13.9,2,68,None
V015,2023-02-02,91100.5,919.7,184.6,45.9,13.46,8.9,0,25.4,9065.0,6.5,3,69,None
V015,2023-02-03,91318.1,925.9,188.7,55.9,12.0,8.88,0,34.8,18129.0,27.8,3,70,None
V015,2023-02-04,91504.9,931.3,204.5,23.9,13.0,8.86,0,39.9,35296.0,14.4,4,71,None
V015,2023-02-05,91637.6,935.1,215.2,45.8,13.02,8.85,0,52.6,20767.0,37.8,1,72,None
V015,2023-02-06,92001.9,945.5,195.0,30.3,12.7,8.84,0,42.8,12193.0,31.4,1,73,None
V015,2023-02-07,92206.5,951.3,208.5,39.4,12.41,8.83,0,33.1,8089.0,23.9,3,74,None
V015,2023-02-08,92502.9,959.8,185.7,52.3,12.05,8.8,2,42.2,31252.0,17.2,7,75,None
V015,2023-02-09,92791.2,968.0,189.8,56.3,13.05,8.79,0,31.6,32978.0,18.8,3,76,None
V015,2023-02-10,92964.6,973.0,212.4,59.3,12.29,8.78,0,45.5,36938.0,11.2,1,77,None
V015,2023-02-11,93277.9,981.9,196.2,47.7,13.67,8.76,0,49.0,17189.0,36.9,1,78,None
V015,2023-02-12,93636.8,992.2,183.7,40.6,12.84,8.75,0,17.7,30993.0,36.2,4,79,None
V015,2023-02-13,93885.0,999.3,182.2,34.5,13.92,8.74,0,34.6,18445.0,13.8,1,80,None
V015,2023-02-14,94277.1,1010.5,205.9,35.4,12.75,8.72,0,29.1,2132.0,36.8,2,81,None
V015,2023-02-15,94462.8,1015.8,183.9,36.1,13.03,8.71,0,35.7,15687.0,22.3,1,82,None
V015,2023-02-16,94677.2,1021.9,208.0,32.5,12.38,8.7,1,50.2,22056.0,10.0,0,83,None
V015,2023-02-17,94809.0,1025.7,187.4,38.7,12.99,8.69,0,22.2,27862.0,26.7,0,84,Brakes
V015,2023-02-18,95057.1,1032.8,195.6,31.1,12.14,8.68,0,48.2,31693.0,31.0,2,85,None
V015,2023-02-19,95218.3,1037.4,216.6,57.5,13.0,8.67,0,17.8,42563.0,7.9,1,86,None
V015,2023-02-20,95498.3,1045.4,192.8,25.7,13.09,8.66,0,43.0,17421.0,6.2,2,87,None
V015,2023-02-21,95664.6,1050.1,197.7,53.9,13.75,8.64,0,24.1,32208.0,23.3,1,88,None
V015,2023-02-22,95832.3,1054.9,209.8,35.3,13.56,8.64,0,41.7,9657.0,11.8,0,89,None
V015,2023-02-23,96118.9,1063.1,197.2,44.5,11.84,8.63,1,57.4,1684.0,33.7,0,90,Battery
V015,2023-02-24,96347.5,1069.6,190.1,44.1,12.14,8.61,1,43.8,37010.0,39.0,2,91,None
V015,2023-02-25,96717.7,1080.2,184.7,59.9,12.54,8.6,0,45.7,2303.0,30.4,0,92,None
V015,2023-02-26,96894.7,1085.3,195.3,47.0,12.63,8.59,1,25.7,9762.0,8.0,2,93,None
V015,2023-02-27,97207.6,1094.2,202.2,33.8,12.1,8.57,0,52.1,27558.0,38.3,4,94,None
V015,2023-02-28,97562.2,1104.3,211.0,40.5,12.73,8.56,0,49.9,31533.0,24.6,0,95,None
V015,2023-03-01,97730.2,1109.1,211.6,33.9,13.72,8.55,0,52.2,31767.0,24.4,3,96,None
